DATE,SURVERSE,FS_dist,SS_dist,FS_sum,FS_max,FS_max3,SS_sum,SS_max,SS_max3
2013-05-01,0,0.024835405350168444,0.13926893177881686,0.0,0.0,0.0,0.0,0.0,0.0
2013-05-02,0,0.024835405350168444,0.13926893177881686,0.0,0.0,0.0,0.0,0.0,0.0
2013-05-03,0,0.024835405350168444,0.13926893177881686,0.0,0.0,0.0,0.0,0.0,0.0
2013-05-04,0,0.024835405350168444,0.13926893177881686,0.0,0.0,0.0,0.0,0.0,0.0
2013-05-05,0,0.024835405350168444,0.13926893177881686,0.0,0.0,0.0,0.0,0.0,0.0
2013-05-06,0,0.024835405350168444,0.13926893177881686,0.0,0.0,0.0,0.0,0.0,0.0
2013-05-07,0,0.024835405350168444,0.13926893177881686,0.0,0.0,0.0,0.0,0.0,0.0
2013-05-08,0,0.024835405350168444,0.13926893177881686,0.0,0.0,0.0,0.0,0.0,0.0
2013-05-09,0,0.024835405350168444,0.13926893177881686,10.0,10.0,10.0,0.0,0.0,0.0
2013-05-10,0,0.024835405350168444,0.13926893177881686,0.0,0.0,0.0,0.0,0.0,0.0
2013-05-11,0,0.024835405350168444,0.13926893177881686,106.0,39.0,82.0,0.0,0.0,0.0
2013-05-12,0,0.024835405350168444,0.13926893177881686,0.0,0.0,0.0,0.0,0.0,0.0
2013-05-13,0,0.024835405350168444,0.13926893177881686,10.0,10.0,10.0,0.0,0.0,0.0
2013-05-14,0,0.024835405350168444,0.13926893177881686,0.0,0.0,0.0,0.0,0.0,0.0
2013-05-15,0,0.024835405350168444,0.13926893177881686,40.0,16.0,40.0,0.0,0.0,0.0
2013-05-16,0,0.024835405350168444,0.13926893177881686,0.0,0.0,0.0,0.0,0.0,0.0
2013-05-17,0,0.024835405350168444,0.13926893177881686,0.0,0.0,0.0,0.0,0.0,0.0
2013-05-18,0,0.024835405350168444,0.13926893177881686,0.0,0.0,0.0,0.0,0.0,0.0
2013-05-19,0,0.024835405350168444,0.13926893177881686,12.0,12.0,12.0,0.0,0.0,0.0
2013-05-20,0,0.024835405350168444,0.13926893177881686,64.0,27.0,64.0,0.0,0.0,0.0
2013-05-21,0,0.024835405350168444,0.13926893177881686,40.0,16.0,24.0,0.0,0.0,0.0
2013-05-22,0,0.024835405350168444,0.13926893177881686,26.0,26.0,26.0,0.0,0.0,0.0
2013-05-23,0,0.024835405350168444,0.13926893177881686,232.0,144.0,144.0,0.0,0.0,0.0
2013-05-24,0,0.024835405350168444,0.13926893177881686,52.0,26.0,26.0,0.0,0.0,0.0
2013-05-25,0,0.024835405350168444,0.13926893177881686,116.0,22.0,36.0,0.0,0.0,0.0
2013-05-26,0,0.024835405350168444,0.13926893177881686,116.0,25.0,41.0,0.0,0.0,0.0
2013-05-27,0,0.024835405350168444,0.13926893177881686,0.0,0.0,0.0,0.0,0.0,0.0
2013-05-28,0,0.024835405350168444,0.13926893177881686,11.0,11.0,11.0,0.0,0.0,0.0
2013-05-29,0,0.024835405350168444,0.13926893177881686,146.0,75.0,103.0,0.0,0.0,0.0
2013-05-30,0,0.024835405350168444,0.13926893177881686,0.0,0.0,0.0,0.0,0.0,0.0
2013-05-31,0,0.024835405350168444,0.13926893177881686,0.0,0.0,0.0,0.0,0.0,0.0
2013-06-01,0,0.024835405350168444,0.13926893177881686,222.0,180.0,222.0,0.0,0.0,0.0
2013-06-02,0,0.024835405350168444,0.13926893177881686,68.0,25.0,45.0,0.0,0.0,0.0
2013-06-03,0,0.024835405350168444,0.13926893177881686,0.0,0.0,0.0,0.0,0.0,0.0
2013-06-04,0,0.024835405350168444,0.13926893177881686,24.0,24.0,24.0,0.0,0.0,0.0
2013-06-05,0,0.024835405350168444,0.13926893177881686,0.0,0.0,0.0,0.0,0.0,0.0
2013-06-06,0,0.024835405350168444,0.13926893177881686,50.0,18.0,28.0,0.0,0.0,0.0
2013-06-07,0,0.024835405350168444,0.13926893177881686,83.0,20.0,32.0,0.0,0.0,0.0
2013-06-08,0,0.024835405350168444,0.13926893177881686,80.0,26.0,56.0,0.0,0.0,0.0
2013-06-09,0,0.024835405350168444,0.13926893177881686,0.0,0.0,0.0,0.0,0.0,0.0
2013-06-10,0,0.024835405350168444,0.13926893177881686,0.0,0.0,0.0,0.0,0.0,0.0
2013-06-11,1,0.024835405350168444,0.13926893177881686,358.0,50.0,135.0,0.0,0.0,0.0
2013-06-12,0,0.024835405350168444,0.13926893177881686,30.0,16.0,30.0,0.0,0.0,0.0
2013-06-13,0,0.024835405350168444,0.13926893177881686,0.0,0.0,0.0,0.0,0.0,0.0
2013-06-14,0,0.024835405350168444,0.13926893177881686,0.0,0.0,0.0,0.0,0.0,0.0
2013-06-15,0,0.024835405350168444,0.13926893177881686,0.0,0.0,0.0,0.0,0.0,0.0
2013-06-16,0,0.024835405350168444,0.13926893177881686,124.0,42.0,80.0,0.0,0.0,0.0
2013-06-17,0,0.024835405350168444,0.13926893177881686,0.0,0.0,0.0,0.0,0.0,0.0
2013-06-18,0,0.024835405350168444,0.13926893177881686,0.0,0.0,0.0,0.0,0.0,0.0
2013-06-19,0,0.024835405350168444,0.13926893177881686,0.0,0.0,0.0,0.0,0.0,0.0
2013-06-20,0,0.024835405350168444,0.13926893177881686,0.0,0.0,0.0,0.0,0.0,0.0
2013-06-21,0,0.024835405350168444,0.13926893177881686,0.0,0.0,0.0,0.0,0.0,0.0
2013-06-22,0,0.024835405350168444,0.13926893177881686,102.0,20.0,44.0,0.0,0.0,0.0
2013-06-23,0,0.024835405350168444,0.13926893177881686,0.0,0.0,0.0,0.0,0.0,0.0
2013-06-24,0,0.024835405350168444,0.13926893177881686,117.0,44.0,79.0,0.0,0.0,0.0
2013-06-25,0,0.024835405350168444,0.13926893177881686,0.0,0.0,0.0,0.0,0.0,0.0
2013-06-26,0,0.024835405350168444,0.13926893177881686,10.0,10.0,10.0,0.0,0.0,0.0
2013-06-27,0,0.024835405350168444,0.13926893177881686,0.0,0.0,0.0,0.0,0.0,0.0
2013-06-28,1,0.024835405350168444,0.13926893177881686,275.0,113.0,163.0,0.0,0.0,0.0
2013-06-29,0,0.024835405350168444,0.13926893177881686,0.0,0.0,0.0,0.0,0.0,0.0
2013-06-30,0,0.024835405350168444,0.13926893177881686,0.0,0.0,0.0,0.0,0.0,0.0
2013-07-01,0,0.024835405350168444,0.13926893177881686,0.0,0.0,0.0,0.0,0.0,0.0
2013-07-02,0,0.024835405350168444,0.13926893177881686,0.0,0.0,0.0,0.0,0.0,0.0
2013-07-03,0,0.024835405350168444,0.13926893177881686,0.0,0.0,0.0,0.0,0.0,0.0
2013-07-04,0,0.024835405350168444,0.13926893177881686,0.0,0.0,0.0,0.0,0.0,0.0
2013-07-05,0,0.024835405350168444,0.13926893177881686,0.0,0.0,0.0,0.0,0.0,0.0
2013-07-06,0,0.024835405350168444,0.13926893177881686,0.0,0.0,0.0,0.0,0.0,0.0
2013-07-07,0,0.024835405350168444,0.13926893177881686,138.0,126.0,138.0,0.0,0.0,0.0
2013-07-08,0,0.024835405350168444,0.13926893177881686,10.0,10.0,10.0,0.0,0.0,0.0
2013-07-09,0,0.024835405350168444,0.13926893177881686,0.0,0.0,0.0,0.0,0.0,0.0
2013-07-10,0,0.024835405350168444,0.13926893177881686,187.0,176.0,187.0,0.0,0.0,0.0
2013-07-11,0,0.024835405350168444,0.13926893177881686,0.0,0.0,0.0,0.0,0.0,0.0
2013-07-12,0,0.024835405350168444,0.13926893177881686,10.0,10.0,10.0,0.0,0.0,0.0
2013-07-13,0,0.024835405350168444,0.13926893177881686,0.0,0.0,0.0,0.0,0.0,0.0
2013-07-14,0,0.024835405350168444,0.13926893177881686,0.0,0.0,0.0,0.0,0.0,0.0
2013-07-15,0,0.024835405350168444,0.13926893177881686,0.0,0.0,0.0,0.0,0.0,0.0
2013-07-16,0,0.024835405350168444,0.13926893177881686,0.0,0.0,0.0,0.0,0.0,0.0
2013-07-17,1,0.024835405350168444,0.13926893177881686,240.0,240.0,240.0,0.0,0.0,0.0
2013-07-18,0,0.024835405350168444,0.13926893177881686,10.0,10.0,10.0,0.0,0.0,0.0
2013-07-19,1,0.024835405350168444,0.13926893177881686,140.0,58.0,98.0,0.0,0.0,0.0
2013-07-20,0,0.024835405350168444,0.13926893177881686,60.0,48.0,60.0,0.0,0.0,0.0
2013-07-21,0,0.024835405350168444,0.13926893177881686,0.0,0.0,0.0,0.0,0.0,0.0
2013-07-22,0,0.024835405350168444,0.13926893177881686,0.0,0.0,0.0,0.0,0.0,0.0
2013-07-23,0,0.024835405350168444,0.13926893177881686,394.0,258.0,364.0,0.0,0.0,0.0
2013-07-24,0,0.024835405350168444,0.13926893177881686,0.0,0.0,0.0,0.0,0.0,0.0
2013-07-25,0,0.024835405350168444,0.13926893177881686,0.0,0.0,0.0,0.0,0.0,0.0
2013-07-26,0,0.024835405350168444,0.13926893177881686,0.0,0.0,0.0,0.0,0.0,0.0
2013-07-27,0,0.024835405350168444,0.13926893177881686,0.0,0.0,0.0,0.0,0.0,0.0
2013-07-28,0,0.024835405350168444,0.13926893177881686,94.0,50.0,50.0,0.0,0.0,0.0
2013-07-29,0,0.024835405350168444,0.13926893177881686,66.0,66.0,66.0,0.0,0.0,0.0
2013-07-30,0,0.024835405350168444,0.13926893177881686,18.0,18.0,18.0,0.0,0.0,0.0
2013-07-31,0,0.024835405350168444,0.13926893177881686,0.0,0.0,0.0,0.0,0.0,0.0
2013-08-01,0,0.024835405350168444,0.13926893177881686,102.0,80.0,92.0,0.0,0.0,0.0
2013-08-02,0,0.024835405350168444,0.13926893177881686,0.0,0.0,0.0,0.0,0.0,0.0
2013-08-03,0,0.024835405350168444,0.13926893177881686,0.0,0.0,0.0,0.0,0.0,0.0
2013-08-04,0,0.024835405350168444,0.13926893177881686,12.0,12.0,12.0,0.0,0.0,0.0
2013-08-05,0,0.024835405350168444,0.13926893177881686,0.0,0.0,0.0,0.0,0.0,0.0
2013-08-06,0,0.024835405350168444,0.13926893177881686,0.0,0.0,0.0,0.0,0.0,0.0
2013-08-07,0,0.024835405350168444,0.13926893177881686,0.0,0.0,0.0,0.0,0.0,0.0
2013-08-08,0,0.024835405350168444,0.13926893177881686,0.0,0.0,0.0,0.0,0.0,0.0
2013-08-09,0,0.024835405350168444,0.13926893177881686,72.0,72.0,72.0,0.0,0.0,0.0
2013-08-10,0,0.024835405350168444,0.13926893177881686,0.0,0.0,0.0,0.0,0.0,0.0
2013-08-11,0,0.024835405350168444,0.13926893177881686,0.0,0.0,0.0,0.0,0.0,0.0
2013-08-12,0,0.024835405350168444,0.13926893177881686,0.0,0.0,0.0,0.0,0.0,0.0
2013-08-13,0,0.024835405350168444,0.13926893177881686,104.0,47.0,104.0,0.0,0.0,0.0
2013-08-14,0,0.024835405350168444,0.13926893177881686,48.0,36.0,36.0,0.0,0.0,0.0
2013-08-15,0,0.024835405350168444,0.13926893177881686,0.0,0.0,0.0,0.0,0.0,0.0
2013-08-16,0,0.024835405350168444,0.13926893177881686,0.0,0.0,0.0,0.0,0.0,0.0
2013-08-17,0,0.024835405350168444,0.13926893177881686,0.0,0.0,0.0,0.0,0.0,0.0
2013-08-18,0,0.024835405350168444,0.13926893177881686,0.0,0.0,0.0,0.0,0.0,0.0
2013-08-19,0,0.024835405350168444,0.13926893177881686,0.0,0.0,0.0,0.0,0.0,0.0
2013-08-20,0,0.024835405350168444,0.13926893177881686,0.0,0.0,0.0,0.0,0.0,0.0
2013-08-21,0,0.024835405350168444,0.13926893177881686,0.0,0.0,0.0,0.0,0.0,0.0
2013-08-22,0,0.024835405350168444,0.13926893177881686,212.0,91.0,118.0,0.0,0.0,0.0
2013-08-23,0,0.024835405350168444,0.13926893177881686,0.0,0.0,0.0,0.0,0.0,0.0
2013-08-24,0,0.024835405350168444,0.13926893177881686,0.0,0.0,0.0,0.0,0.0,0.0
2013-08-25,0,0.024835405350168444,0.13926893177881686,10.0,10.0,10.0,0.0,0.0,0.0
2013-08-26,0,0.024835405350168444,0.13926893177881686,70.0,42.0,60.0,0.0,0.0,0.0
2013-08-27,0,0.024835405350168444,0.13926893177881686,0.0,0.0,0.0,0.0,0.0,0.0
2013-08-28,0,0.024835405350168444,0.13926893177881686,10.0,10.0,10.0,0.0,0.0,0.0
2013-08-29,0,0.024835405350168444,0.13926893177881686,0.0,0.0,0.0,0.0,0.0,0.0
2013-08-30,0,0.024835405350168444,0.13926893177881686,138.0,80.0,80.0,0.0,0.0,0.0
2013-08-31,0,0.024835405350168444,0.13926893177881686,0.0,0.0,0.0,0.0,0.0,0.0
2013-09-01,0,0.024835405350168444,0.13926893177881686,0.0,0.0,0.0,0.0,0.0,0.0
2013-09-02,1,0.024835405350168444,0.13926893177881686,215.0,125.0,125.0,0.0,0.0,0.0
2013-09-03,0,0.024835405350168444,0.13926893177881686,10.0,10.0,10.0,0.0,0.0,0.0
2013-09-04,0,0.024835405350168444,0.13926893177881686,0.0,0.0,0.0,0.0,0.0,0.0
2013-09-05,0,0.024835405350168444,0.13926893177881686,0.0,0.0,0.0,0.0,0.0,0.0
2013-09-06,0,0.024835405350168444,0.13926893177881686,0.0,0.0,0.0,0.0,0.0,0.0
2013-09-07,0,0.024835405350168444,0.13926893177881686,0.0,0.0,0.0,0.0,0.0,0.0
2013-09-08,0,0.024835405350168444,0.13926893177881686,0.0,0.0,0.0,0.0,0.0,0.0
2013-09-09,0,0.024835405350168444,0.13926893177881686,0.0,0.0,0.0,0.0,0.0,0.0
2013-09-10,0,0.024835405350168444,0.13926893177881686,22.0,12.0,12.0,0.0,0.0,0.0
2013-09-11,0,0.024835405350168444,0.13926893177881686,52.0,38.0,38.0,0.0,0.0,0.0
2013-09-12,1,0.024835405350168444,0.13926893177881686,362.0,99.0,138.0,0.0,0.0,0.0
2013-09-13,0,0.024835405350168444,0.13926893177881686,0.0,0.0,0.0,0.0,0.0,0.0
2013-09-14,0,0.024835405350168444,0.13926893177881686,0.0,0.0,0.0,0.0,0.0,0.0
2013-09-15,0,0.024835405350168444,0.13926893177881686,12.0,12.0,12.0,0.0,0.0,0.0
2013-09-16,0,0.024835405350168444,0.13926893177881686,86.0,48.0,72.0,0.0,0.0,0.0
2013-09-17,0,0.024835405350168444,0.13926893177881686,0.0,0.0,0.0,0.0,0.0,0.0
2013-09-18,0,0.024835405350168444,0.13926893177881686,0.0,0.0,0.0,0.0,0.0,0.0
2013-09-19,0,0.024835405350168444,0.13926893177881686,0.0,0.0,0.0,0.0,0.0,0.0
2013-09-20,0,0.024835405350168444,0.13926893177881686,0.0,0.0,0.0,0.0,0.0,0.0
2013-09-21,0,0.024835405350168444,0.13926893177881686,88.0,34.0,88.0,0.0,0.0,0.0
2013-09-22,0,0.024835405350168444,0.13926893177881686,85.0,32.0,54.0,0.0,0.0,0.0
2013-09-23,0,0.024835405350168444,0.13926893177881686,0.0,0.0,0.0,0.0,0.0,0.0
2013-09-24,0,0.024835405350168444,0.13926893177881686,0.0,0.0,0.0,0.0,0.0,0.0
2013-09-25,0,0.024835405350168444,0.13926893177881686,0.0,0.0,0.0,0.0,0.0,0.0
2013-09-26,0,0.024835405350168444,0.13926893177881686,0.0,0.0,0.0,0.0,0.0,0.0
2013-09-27,0,0.024835405350168444,0.13926893177881686,0.0,0.0,0.0,0.0,0.0,0.0
2013-09-28,0,0.024835405350168444,0.13926893177881686,0.0,0.0,0.0,0.0,0.0,0.0
2013-09-29,0,0.024835405350168444,0.13926893177881686,0.0,0.0,0.0,0.0,0.0,0.0
2013-09-30,0,0.024835405350168444,0.13926893177881686,0.0,0.0,0.0,0.0,0.0,0.0
2013-10-01,0,0.024835405350168444,0.13926893177881686,0.0,0.0,0.0,0.0,0.0,0.0
2013-10-02,0,0.024835405350168444,0.13926893177881686,0.0,0.0,0.0,0.0,0.0,0.0
2013-10-03,0,0.024835405350168444,0.13926893177881686,0.0,0.0,0.0,0.0,0.0,0.0
2013-10-04,0,0.024835405350168444,0.13926893177881686,0.0,0.0,0.0,0.0,0.0,0.0
2013-10-05,0,0.024835405350168444,0.13926893177881686,0.0,0.0,0.0,0.0,0.0,0.0
2013-10-06,0,0.024835405350168444,0.13926893177881686,36.0,22.0,36.0,0.0,0.0,0.0
2013-10-07,1,0.024835405350168444,0.13926893177881686,206.0,64.0,154.0,0.0,0.0,0.0
2013-10-08,0,0.024835405350168444,0.13926893177881686,10.0,10.0,10.0,0.0,0.0,0.0
2013-10-09,0,0.024835405350168444,0.13926893177881686,0.0,0.0,0.0,0.0,0.0,0.0
2013-10-10,0,0.024835405350168444,0.13926893177881686,0.0,0.0,0.0,0.0,0.0,0.0
2013-10-11,0,0.024835405350168444,0.13926893177881686,0.0,0.0,0.0,0.0,0.0,0.0
2013-10-12,0,0.024835405350168444,0.13926893177881686,0.0,0.0,0.0,0.0,0.0,0.0
2013-10-13,0,0.024835405350168444,0.13926893177881686,0.0,0.0,0.0,0.0,0.0,0.0
2013-10-14,0,0.024835405350168444,0.13926893177881686,24.0,12.0,12.0,0.0,0.0,0.0
2013-10-15,0,0.024835405350168444,0.13926893177881686,0.0,0.0,0.0,0.0,0.0,0.0
2013-10-16,0,0.024835405350168444,0.13926893177881686,12.0,12.0,12.0,0.0,0.0,0.0
2013-10-17,0,0.024835405350168444,0.13926893177881686,114.0,71.0,114.0,0.0,0.0,0.0
2013-10-18,0,0.024835405350168444,0.13926893177881686,58.0,18.0,34.0,0.0,0.0,0.0
2013-10-19,0,0.024835405350168444,0.13926893177881686,0.0,0.0,0.0,0.0,0.0,0.0
2013-10-20,0,0.024835405350168444,0.13926893177881686,60.0,31.0,50.0,0.0,0.0,0.0
2013-10-21,0,0.024835405350168444,0.13926893177881686,0.0,0.0,0.0,0.0,0.0,0.0
2013-10-22,0,0.024835405350168444,0.13926893177881686,16.0,16.0,16.0,0.0,0.0,0.0
2013-10-23,0,0.024835405350168444,0.13926893177881686,0.0,0.0,0.0,0.0,0.0,0.0
2013-10-24,0,0.024835405350168444,0.13926893177881686,0.0,0.0,0.0,0.0,0.0,0.0
2013-10-25,0,0.024835405350168444,0.13926893177881686,0.0,0.0,0.0,0.0,0.0,0.0
2013-10-26,0,0.024835405350168444,0.13926893177881686,38.0,14.0,24.0,0.0,0.0,0.0
2013-10-27,0,0.024835405350168444,0.13926893177881686,10.0,10.0,10.0,0.0,0.0,0.0
2013-10-28,0,0.024835405350168444,0.13926893177881686,28.0,15.0,28.0,0.0,0.0,0.0
2013-10-29,0,0.024835405350168444,0.13926893177881686,0.0,0.0,0.0,0.0,0.0,0.0
2013-10-30,0,0.024835405350168444,0.13926893177881686,0.0,0.0,0.0,0.0,0.0,0.0
2013-10-31,0,0.024835405350168444,0.13926893177881686,202.0,39.0,105.0,0.0,0.0,0.0
2014-05-01,0,0.024835405350168444,0.13926893177881686,110.0,21.0,47.0,0.0,0.0,0.0
2014-05-02,0,0.024835405350168444,0.13926893177881686,0.0,0.0,0.0,0.0,0.0,0.0
2014-05-03,0,0.024835405350168444,0.13926893177881686,14.0,14.0,14.0,0.0,0.0,0.0
2014-05-04,0,0.024835405350168444,0.13926893177881686,211.0,36.0,74.0,0.0,0.0,0.0
2014-05-05,0,0.024835405350168444,0.13926893177881686,11.0,11.0,11.0,0.0,0.0,0.0
2014-05-06,0,0.024835405350168444,0.13926893177881686,0.0,0.0,0.0,0.0,0.0,0.0
2014-05-07,0,0.024835405350168444,0.13926893177881686,0.0,0.0,0.0,0.0,0.0,0.0
2014-05-08,0,0.024835405350168444,0.13926893177881686,0.0,0.0,0.0,0.0,0.0,0.0
2014-05-09,0,0.024835405350168444,0.13926893177881686,22.0,22.0,22.0,0.0,0.0,0.0
2014-05-10,0,0.024835405350168444,0.13926893177881686,68.0,32.0,54.0,0.0,0.0,0.0
2014-05-11,0,0.024835405350168444,0.13926893177881686,0.0,0.0,0.0,0.0,0.0,0.0
2014-05-12,0,0.024835405350168444,0.13926893177881686,0.0,0.0,0.0,0.0,0.0,0.0
2014-05-13,0,0.024835405350168444,0.13926893177881686,0.0,0.0,0.0,0.0,0.0,0.0
2014-05-14,0,0.024835405350168444,0.13926893177881686,0.0,0.0,0.0,0.0,0.0,0.0
2014-05-15,0,0.024835405350168444,0.13926893177881686,0.0,0.0,0.0,0.0,0.0,0.0
2014-05-16,0,0.024835405350168444,0.13926893177881686,152.0,22.0,62.0,0.0,0.0,0.0
2014-05-17,1,0.024835405350168444,0.13926893177881686,300.0,90.0,203.0,0.0,0.0,0.0
2014-05-18,0,0.024835405350168444,0.13926893177881686,0.0,0.0,0.0,0.0,0.0,0.0
2014-05-19,0,0.024835405350168444,0.13926893177881686,0.0,0.0,0.0,0.0,0.0,0.0
2014-05-20,0,0.024835405350168444,0.13926893177881686,0.0,0.0,0.0,0.0,0.0,0.0
2014-05-21,0,0.024835405350168444,0.13926893177881686,0.0,0.0,0.0,0.0,0.0,0.0
2014-05-22,0,0.024835405350168444,0.13926893177881686,44.0,32.0,32.0,0.0,0.0,0.0
2014-05-23,0,0.024835405350168444,0.13926893177881686,0.0,0.0,0.0,0.0,0.0,0.0
2014-05-24,0,0.024835405350168444,0.13926893177881686,0.0,0.0,0.0,0.0,0.0,0.0
2014-05-25,0,0.024835405350168444,0.13926893177881686,22.0,22.0,22.0,0.0,0.0,0.0
2014-05-26,0,0.024835405350168444,0.13926893177881686,75.0,37.0,72.0,0.0,0.0,0.0
2014-05-27,0,0.024835405350168444,0.13926893177881686,86.0,44.0,54.0,0.0,0.0,0.0
2014-05-28,0,0.024835405350168444,0.13926893177881686,10.0,10.0,10.0,0.0,0.0,0.0
2014-05-29,0,0.024835405350168444,0.13926893177881686,0.0,0.0,0.0,0.0,0.0,0.0
2014-05-30,0,0.024835405350168444,0.13926893177881686,0.0,0.0,0.0,2.0,2.0,2.0
2014-05-31,0,0.024835405350168444,0.13926893177881686,0.0,0.0,0.0,0.0,0.0,0.0
2014-06-01,0,0.024835405350168444,0.13926893177881686,0.0,0.0,0.0,0.0,0.0,0.0
2014-06-02,0,0.024835405350168444,0.13926893177881686,0.0,0.0,0.0,0.0,0.0,0.0
2014-06-03,0,0.024835405350168444,0.13926893177881686,0.0,0.0,0.0,274.0,124.0,258.0
2014-06-04,0,0.024835405350168444,0.13926893177881686,0.0,0.0,0.0,0.0,0.0,0.0
2014-06-05,0,0.024835405350168444,0.13926893177881686,0.0,0.0,0.0,2.0,2.0,2.0
2014-06-06,0,0.024835405350168444,0.13926893177881686,0.0,0.0,0.0,8.0,8.0,8.0
2014-06-07,0,0.024835405350168444,0.13926893177881686,0.0,0.0,0.0,0.0,0.0,0.0
2014-06-08,0,0.024835405350168444,0.13926893177881686,0.0,0.0,0.0,0.0,0.0,0.0
2014-06-09,0,0.024835405350168444,0.13926893177881686,0.0,0.0,0.0,0.0,0.0,0.0
2014-06-10,0,0.024835405350168444,0.13926893177881686,0.0,0.0,0.0,0.0,0.0,0.0
2014-06-11,0,0.024835405350168444,0.13926893177881686,0.0,0.0,0.0,19.0,5.0,10.0
2014-06-12,0,0.024835405350168444,0.13926893177881686,0.0,0.0,0.0,228.0,38.0,95.0
2014-06-13,1,0.024835405350168444,0.13926893177881686,0.0,0.0,0.0,222.0,45.0,123.0
2014-06-14,0,0.024835405350168444,0.13926893177881686,0.0,0.0,0.0,111.0,61.0,61.0
2014-06-15,0,0.024835405350168444,0.13926893177881686,0.0,0.0,0.0,0.0,0.0,0.0
2014-06-16,0,0.024835405350168444,0.13926893177881686,0.0,0.0,0.0,0.0,0.0,0.0
2014-06-17,0,0.024835405350168444,0.13926893177881686,0.0,0.0,0.0,113.0,95.0,113.0
2014-06-18,1,0.024835405350168444,0.13926893177881686,0.0,0.0,0.0,219.0,116.0,209.0
2014-06-19,0,0.024835405350168444,0.13926893177881686,0.0,0.0,0.0,0.0,0.0,0.0
2014-06-20,0,0.024835405350168444,0.13926893177881686,0.0,0.0,0.0,0.0,0.0,0.0
2014-06-21,0,0.024835405350168444,0.13926893177881686,0.0,0.0,0.0,0.0,0.0,0.0
2014-06-22,0,0.024835405350168444,0.13926893177881686,0.0,0.0,0.0,0.0,0.0,0.0
2014-06-23,0,0.024835405350168444,0.13926893177881686,0.0,0.0,0.0,0.0,0.0,0.0
2014-06-24,0,0.024835405350168444,0.13926893177881686,0.0,0.0,0.0,394.0,154.0,237.0
2014-06-25,0,0.024835405350168444,0.13926893177881686,0.0,0.0,0.0,61.0,61.0,61.0
2014-06-26,0,0.024835405350168444,0.13926893177881686,0.0,0.0,0.0,0.0,0.0,0.0
2014-06-27,0,0.024835405350168444,0.13926893177881686,0.0,0.0,0.0,0.0,0.0,0.0
2014-06-28,0,0.024835405350168444,0.13926893177881686,0.0,0.0,0.0,0.0,0.0,0.0
2014-06-29,0,0.024835405350168444,0.13926893177881686,0.0,0.0,0.0,0.0,0.0,0.0
2014-06-30,0,0.024835405350168444,0.13926893177881686,0.0,0.0,0.0,0.0,0.0,0.0
2014-07-01,0,0.024835405350168444,0.13926893177881686,0.0,0.0,0.0,0.0,0.0,0.0
2014-07-02,0,0.024835405350168444,0.13926893177881686,0.0,0.0,0.0,0.0,0.0,0.0
2014-07-03,0,0.024835405350168444,0.13926893177881686,0.0,0.0,0.0,0.0,0.0,0.0
2014-07-04,0,0.024835405350168444,0.13926893177881686,0.0,0.0,0.0,15.0,13.0,15.0
2014-07-05,0,0.024835405350168444,0.13926893177881686,0.0,0.0,0.0,30.0,30.0,30.0
2014-07-06,0,0.024835405350168444,0.13926893177881686,0.0,0.0,0.0,0.0,0.0,0.0
2014-07-07,0,0.024835405350168444,0.13926893177881686,0.0,0.0,0.0,86.0,32.0,45.0
2014-07-08,0,0.024835405350168444,0.13926893177881686,0.0,0.0,0.0,19.0,15.0,19.0
2014-07-09,0,0.024835405350168444,0.13926893177881686,0.0,0.0,0.0,5.0,5.0,5.0
2014-07-10,0,0.024835405350168444,0.13926893177881686,0.0,0.0,0.0,0.0,0.0,0.0
2014-07-11,0,0.024835405350168444,0.13926893177881686,0.0,0.0,0.0,0.0,0.0,0.0
2014-07-12,0,0.024835405350168444,0.13926893177881686,0.0,0.0,0.0,0.0,0.0,0.0
2014-07-13,0,0.024835405350168444,0.13926893177881686,0.0,0.0,0.0,129.0,63.0,71.0
2014-07-14,0,0.024835405350168444,0.13926893177881686,0.0,0.0,0.0,0.0,0.0,0.0
2014-07-15,0,0.024835405350168444,0.13926893177881686,0.0,0.0,0.0,14.0,5.0,7.0
2014-07-16,0,0.024835405350168444,0.13926893177881686,0.0,0.0,0.0,2.0,2.0,2.0
2014-07-17,0,0.024835405350168444,0.13926893177881686,0.0,0.0,0.0,0.0,0.0,0.0
2014-07-18,0,0.024835405350168444,0.13926893177881686,0.0,0.0,0.0,0.0,0.0,0.0
2014-07-19,0,0.024835405350168444,0.13926893177881686,0.0,0.0,0.0,0.0,0.0,0.0
2014-07-20,0,0.024835405350168444,0.13926893177881686,0.0,0.0,0.0,0.0,0.0,0.0
2014-07-21,0,0.024835405350168444,0.13926893177881686,0.0,0.0,0.0,0.0,0.0,0.0
2014-07-22,0,0.024835405350168444,0.13926893177881686,0.0,0.0,0.0,0.0,0.0,0.0
2014-07-23,0,0.024835405350168444,0.13926893177881686,0.0,0.0,0.0,67.0,53.0,63.0
2014-07-24,0,0.024835405350168444,0.13926893177881686,0.0,0.0,0.0,0.0,0.0,0.0
2014-07-25,0,0.024835405350168444,0.13926893177881686,0.0,0.0,0.0,0.0,0.0,0.0
2014-07-26,0,0.024835405350168444,0.13926893177881686,4.0,4.0,4.0,0.0,0.0,0.0
2014-07-27,1,0.024835405350168444,0.13926893177881686,152.0,52.0,92.0,125.0,61.0,83.0
2014-07-28,0,0.024835405350168444,0.13926893177881686,132.0,32.0,72.0,169.0,38.0,71.0
2014-07-29,0,0.024835405350168444,0.13926893177881686,2.0,2.0,2.0,0.0,0.0,0.0
2014-07-30,0,0.024835405350168444,0.13926893177881686,12.0,8.0,8.0,0.0,0.0,0.0
2014-07-31,0,0.024835405350168444,0.13926893177881686,146.0,52.0,144.0,119.0,65.0,117.0
2014-08-01,0,0.024835405350168444,0.13926893177881686,0.0,0.0,0.0,0.0,0.0,0.0
2014-08-02,0,0.024835405350168444,0.13926893177881686,0.0,0.0,0.0,0.0,0.0,0.0
2014-08-03,0,0.024835405350168444,0.13926893177881686,0.0,0.0,0.0,0.0,0.0,0.0
2014-08-04,0,0.024835405350168444,0.13926893177881686,6.0,4.0,4.0,2.0,2.0,2.0
2014-08-05,0,0.024835405350168444,0.13926893177881686,14.0,14.0,14.0,0.0,0.0,0.0
2014-08-06,0,0.024835405350168444,0.13926893177881686,6.0,4.0,4.0,5.0,5.0,5.0
2014-08-07,0,0.024835405350168444,0.13926893177881686,10.0,4.0,6.0,2.0,2.0,2.0
2014-08-08,0,0.024835405350168444,0.13926893177881686,0.0,0.0,0.0,0.0,0.0,0.0
2014-08-09,0,0.024835405350168444,0.13926893177881686,0.0,0.0,0.0,0.0,0.0,0.0
2014-08-10,0,0.024835405350168444,0.13926893177881686,0.0,0.0,0.0,0.0,0.0,0.0
2014-08-11,0,0.024835405350168444,0.13926893177881686,0.0,0.0,0.0,0.0,0.0,0.0
2014-08-12,0,0.024835405350168444,0.13926893177881686,12.0,6.0,12.0,0.0,0.0,0.0
2014-08-13,1,0.024835405350168444,0.13926893177881686,618.0,132.0,262.0,391.0,70.0,122.0
2014-08-14,0,0.024835405350168444,0.13926893177881686,0.0,0.0,0.0,0.0,0.0,0.0
2014-08-15,0,0.024835405350168444,0.13926893177881686,48.0,16.0,28.0,4.0,2.0,2.0
2014-08-16,0,0.024835405350168444,0.13926893177881686,182.0,62.0,142.0,77.0,20.0,52.0
2014-08-17,0,0.024835405350168444,0.13926893177881686,12.0,8.0,8.0,12.0,8.0,8.0
2014-08-18,0,0.024835405350168444,0.13926893177881686,0.0,0.0,0.0,0.0,0.0,0.0
2014-08-19,0,0.024835405350168444,0.13926893177881686,0.0,0.0,0.0,0.0,0.0,0.0
2014-08-20,0,0.024835405350168444,0.13926893177881686,0.0,0.0,0.0,0.0,0.0,0.0
2014-08-21,0,0.024835405350168444,0.13926893177881686,0.0,0.0,0.0,0.0,0.0,0.0
2014-08-22,0,0.024835405350168444,0.13926893177881686,0.0,0.0,0.0,0.0,0.0,0.0
2014-08-23,0,0.024835405350168444,0.13926893177881686,0.0,0.0,0.0,0.0,0.0,0.0
2014-08-24,0,0.024835405350168444,0.13926893177881686,0.0,0.0,0.0,0.0,0.0,0.0
2014-08-25,0,0.024835405350168444,0.13926893177881686,0.0,0.0,0.0,0.0,0.0,0.0
2014-08-26,0,0.024835405350168444,0.13926893177881686,0.0,0.0,0.0,0.0,0.0,0.0
2014-08-27,0,0.024835405350168444,0.13926893177881686,2.0,2.0,2.0,2.0,2.0,2.0
2014-08-28,0,0.024835405350168444,0.13926893177881686,0.0,0.0,0.0,0.0,0.0,0.0
2014-08-29,0,0.024835405350168444,0.13926893177881686,0.0,0.0,0.0,0.0,0.0,0.0
2014-08-30,0,0.024835405350168444,0.13926893177881686,0.0,0.0,0.0,0.0,0.0,0.0
2014-08-31,0,0.024835405350168444,0.13926893177881686,108.0,84.0,94.0,70.0,53.0,70.0
2014-09-01,0,0.024835405350168444,0.13926893177881686,0.0,0.0,0.0,0.0,0.0,0.0
2014-09-02,0,0.024835405350168444,0.13926893177881686,46.0,20.0,42.0,6.0,2.0,6.0
2014-09-03,0,0.024835405350168444,0.13926893177881686,2.0,2.0,2.0,0.0,0.0,0.0
2014-09-04,0,0.024835405350168444,0.13926893177881686,0.0,0.0,0.0,0.0,0.0,0.0
2014-09-05,0,0.024835405350168444,0.13926893177881686,36.0,12.0,20.0,23.0,15.0,15.0
2014-09-06,0,0.024835405350168444,0.13926893177881686,112.0,50.0,62.0,84.0,35.0,42.0
2014-09-07,0,0.024835405350168444,0.13926893177881686,0.0,0.0,0.0,0.0,0.0,0.0
2014-09-08,0,0.024835405350168444,0.13926893177881686,0.0,0.0,0.0,0.0,0.0,0.0
2014-09-09,0,0.024835405350168444,0.13926893177881686,0.0,0.0,0.0,0.0,0.0,0.0
2014-09-10,0,0.024835405350168444,0.13926893177881686,0.0,0.0,0.0,0.0,0.0,0.0
2014-09-11,0,0.024835405350168444,0.13926893177881686,70.0,34.0,50.0,46.0,20.0,35.0
2014-09-12,0,0.024835405350168444,0.13926893177881686,0.0,0.0,0.0,0.0,0.0,0.0
2014-09-13,0,0.024835405350168444,0.13926893177881686,176.0,60.0,138.0,124.0,48.0,81.0
2014-09-14,0,0.024835405350168444,0.13926893177881686,0.0,0.0,0.0,0.0,0.0,0.0
2014-09-15,0,0.024835405350168444,0.13926893177881686,0.0,0.0,0.0,0.0,0.0,0.0
2014-09-16,0,0.024835405350168444,0.13926893177881686,8.0,4.0,6.0,7.0,5.0,7.0
2014-09-17,0,0.024835405350168444,0.13926893177881686,4.0,2.0,4.0,0.0,0.0,0.0
2014-09-18,0,0.024835405350168444,0.13926893177881686,10.0,6.0,10.0,4.0,2.0,4.0
2014-09-19,0,0.024835405350168444,0.13926893177881686,0.0,0.0,0.0,0.0,0.0,0.0
2014-09-20,0,0.024835405350168444,0.13926893177881686,0.0,0.0,0.0,0.0,0.0,0.0
2014-09-21,0,0.024835405350168444,0.13926893177881686,20.0,12.0,12.0,9.0,5.0,5.0
2014-09-22,0,0.024835405350168444,0.13926893177881686,0.0,0.0,0.0,0.0,0.0,0.0
2014-09-23,0,0.024835405350168444,0.13926893177881686,8.0,8.0,8.0,2.0,2.0,2.0
2014-09-24,0,0.024835405350168444,0.13926893177881686,0.0,0.0,0.0,0.0,0.0,0.0
2014-09-25,0,0.024835405350168444,0.13926893177881686,0.0,0.0,0.0,0.0,0.0,0.0
2014-09-26,0,0.024835405350168444,0.13926893177881686,0.0,0.0,0.0,0.0,0.0,0.0
2014-09-27,0,0.024835405350168444,0.13926893177881686,0.0,0.0,0.0,0.0,0.0,0.0
2014-09-28,0,0.024835405350168444,0.13926893177881686,0.0,0.0,0.0,0.0,0.0,0.0
2014-09-29,0,0.024835405350168444,0.13926893177881686,0.0,0.0,0.0,0.0,0.0,0.0
2014-09-30,0,0.024835405350168444,0.13926893177881686,0.0,0.0,0.0,0.0,0.0,0.0
2014-10-01,0,0.024835405350168444,0.13926893177881686,0.0,0.0,0.0,0.0,0.0,0.0
2014-10-02,0,0.024835405350168444,0.13926893177881686,0.0,0.0,0.0,0.0,0.0,0.0
2014-10-03,0,0.024835405350168444,0.13926893177881686,0.0,0.0,0.0,0.0,0.0,0.0
2014-10-04,0,0.024835405350168444,0.13926893177881686,284.0,36.0,98.0,177.0,32.0,77.0
2014-10-05,0,0.024835405350168444,0.13926893177881686,4.0,2.0,2.0,2.0,2.0,2.0
2014-10-06,0,0.024835405350168444,0.13926893177881686,0.0,0.0,0.0,0.0,0.0,0.0
2014-10-07,0,0.024835405350168444,0.13926893177881686,54.0,20.0,32.0,40.0,15.0,30.0
2014-10-08,1,0.024835405350168444,0.13926893177881686,316.0,118.0,212.0,273.0,68.0,155.0
2014-10-09,0,0.024835405350168444,0.13926893177881686,8.0,6.0,8.0,10.0,10.0,10.0
2014-10-10,0,0.024835405350168444,0.13926893177881686,0.0,0.0,0.0,0.0,0.0,0.0
2014-10-11,0,0.024835405350168444,0.13926893177881686,0.0,0.0,0.0,0.0,0.0,0.0
2014-10-12,0,0.024835405350168444,0.13926893177881686,0.0,0.0,0.0,0.0,0.0,0.0
2014-10-13,0,0.024835405350168444,0.13926893177881686,0.0,0.0,0.0,0.0,0.0,0.0
2014-10-14,0,0.024835405350168444,0.13926893177881686,0.0,0.0,0.0,0.0,0.0,0.0
2014-10-15,0,0.024835405350168444,0.13926893177881686,38.0,18.0,22.0,19.0,15.0,15.0
2014-10-16,0,0.024835405350168444,0.13926893177881686,86.0,22.0,30.0,55.0,12.0,28.0
2014-10-17,0,0.024835405350168444,0.13926893177881686,2.0,2.0,2.0,0.0,0.0,0.0
2014-10-18,0,0.024835405350168444,0.13926893177881686,20.0,10.0,12.0,45.0,12.0,25.0
2014-10-19,0,0.024835405350168444,0.13926893177881686,0.0,0.0,0.0,0.0,0.0,0.0
2014-10-20,0,0.024835405350168444,0.13926893177881686,4.0,4.0,4.0,2.0,2.0,2.0
2014-10-21,0,0.024835405350168444,0.13926893177881686,34.0,6.0,14.0,20.0,5.0,9.0
2014-10-22,0,0.024835405350168444,0.13926893177881686,0.0,0.0,0.0,0.0,0.0,0.0
2014-10-23,0,0.024835405350168444,0.13926893177881686,76.0,26.0,62.0,68.0,22.0,57.0
2014-10-24,0,0.024835405350168444,0.13926893177881686,6.0,4.0,6.0,6.0,2.0,4.0
2014-10-25,0,0.024835405350168444,0.13926893177881686,50.0,28.0,50.0,46.0,20.0,46.0
2014-10-26,0,0.024835405350168444,0.13926893177881686,2.0,2.0,2.0,0.0,0.0,0.0
2014-10-27,0,0.024835405350168444,0.13926893177881686,0.0,0.0,0.0,0.0,0.0,0.0
2014-10-28,0,0.024835405350168444,0.13926893177881686,30.0,14.0,20.0,12.0,8.0,10.0
2014-10-29,0,0.024835405350168444,0.13926893177881686,12.0,8.0,12.0,12.0,5.0,10.0
2014-10-30,0,0.024835405350168444,0.13926893177881686,0.0,0.0,0.0,0.0,0.0,0.0
2014-10-31,0,0.024835405350168444,0.13926893177881686,0.0,0.0,0.0,0.0,0.0,0.0
2015-05-01,0,0.024835405350168444,0.13926893177881686,0.0,0.0,0.0,0.0,0.0,0.0
2015-05-02,0,0.024835405350168444,0.13926893177881686,0.0,0.0,0.0,0.0,0.0,0.0
2015-05-03,0,0.024835405350168444,0.13926893177881686,0.0,0.0,0.0,0.0,0.0,0.0
2015-05-04,0,0.024835405350168444,0.13926893177881686,18.0,10.0,18.0,7.0,5.0,7.0
2015-05-05,0,0.024835405350168444,0.13926893177881686,2.0,2.0,2.0,0.0,0.0,0.0
2015-05-06,0,0.024835405350168444,0.13926893177881686,0.0,0.0,0.0,0.0,0.0,0.0
2015-05-07,0,0.024835405350168444,0.13926893177881686,0.0,0.0,0.0,0.0,0.0,0.0
2015-05-08,0,0.024835405350168444,0.13926893177881686,0.0,0.0,0.0,0.0,0.0,0.0
2015-05-09,0,0.024835405350168444,0.13926893177881686,50.0,24.0,50.0,40.0,40.0,40.0
2015-05-10,0,0.024835405350168444,0.13926893177881686,2.0,2.0,2.0,0.0,0.0,0.0
2015-05-11,0,0.024835405350168444,0.13926893177881686,208.0,46.0,114.0,197.0,45.0,109.0
2015-05-12,0,0.024835405350168444,0.13926893177881686,88.0,30.0,58.0,28.0,8.0,13.0
2015-05-13,0,0.024835405350168444,0.13926893177881686,2.0,2.0,2.0,0.0,0.0,0.0
2015-05-14,0,0.024835405350168444,0.13926893177881686,0.0,0.0,0.0,0.0,0.0,0.0
2015-05-15,0,0.024835405350168444,0.13926893177881686,0.0,0.0,0.0,0.0,0.0,0.0
2015-05-16,0,0.024835405350168444,0.13926893177881686,0.0,0.0,0.0,2.0,2.0,2.0
2015-05-17,0,0.024835405350168444,0.13926893177881686,0.0,0.0,0.0,0.0,0.0,0.0
2015-05-18,0,0.024835405350168444,0.13926893177881686,318.0,140.0,236.0,159.0,81.0,126.0
2015-05-19,0,0.024835405350168444,0.13926893177881686,0.0,0.0,0.0,25.0,23.0,25.0
2015-05-20,0,0.024835405350168444,0.13926893177881686,0.0,0.0,0.0,0.0,0.0,0.0
2015-05-21,0,0.024835405350168444,0.13926893177881686,0.0,0.0,0.0,0.0,0.0,0.0
2015-05-22,0,0.024835405350168444,0.13926893177881686,2.0,2.0,2.0,4.0,2.0,4.0
2015-05-23,0,0.024835405350168444,0.13926893177881686,0.0,0.0,0.0,0.0,0.0,0.0
2015-05-24,0,0.024835405350168444,0.13926893177881686,0.0,0.0,0.0,0.0,0.0,0.0
2015-05-25,0,0.024835405350168444,0.13926893177881686,200.0,56.0,110.0,160.0,48.0,93.0
2015-05-26,0,0.024835405350168444,0.13926893177881686,52.0,26.0,52.0,48.0,28.0,48.0
2015-05-27,0,0.024835405350168444,0.13926893177881686,0.0,0.0,0.0,5.0,5.0,5.0
2015-05-28,0,0.024835405350168444,0.13926893177881686,82.0,44.0,44.0,28.0,18.0,23.0
2015-05-29,0,0.024835405350168444,0.13926893177881686,0.0,0.0,0.0,2.0,2.0,2.0
2015-05-30,0,0.024835405350168444,0.13926893177881686,38.0,28.0,36.0,22.0,10.0,20.0
2015-05-31,0,0.024835405350168444,0.13926893177881686,22.0,6.0,14.0,14.0,5.0,10.0
2015-06-01,0,0.024835405350168444,0.13926893177881686,24.0,12.0,20.0,22.0,8.0,18.0
2015-06-02,0,0.024835405350168444,0.13926893177881686,48.0,8.0,18.0,13.0,5.0,7.0
2015-06-03,0,0.024835405350168444,0.13926893177881686,0.0,0.0,0.0,0.0,0.0,0.0
2015-06-04,0,0.024835405350168444,0.13926893177881686,0.0,0.0,0.0,0.0,0.0,0.0
2015-06-05,0,0.024835405350168444,0.13926893177881686,98.0,62.0,98.0,122.0,83.0,87.0
2015-06-06,0,0.024835405350168444,0.13926893177881686,2.0,2.0,2.0,0.0,0.0,0.0
2015-06-07,0,0.024835405350168444,0.13926893177881686,0.0,0.0,0.0,0.0,0.0,0.0
2015-06-08,1,0.024835405350168444,0.13926893177881686,288.0,52.0,114.0,240.0,42.0,92.0
2015-06-09,0,0.024835405350168444,0.13926893177881686,124.0,56.0,86.0,199.0,129.0,181.0
2015-06-10,0,0.024835405350168444,0.13926893177881686,32.0,12.0,22.0,22.0,10.0,12.0
2015-06-11,0,0.024835405350168444,0.13926893177881686,2.0,2.0,2.0,0.0,0.0,0.0
2015-06-12,0,0.024835405350168444,0.13926893177881686,102.0,28.0,56.0,84.0,25.0,45.0
2015-06-13,0,0.024835405350168444,0.13926893177881686,2.0,2.0,2.0,2.0,2.0,2.0
2015-06-14,0,0.024835405350168444,0.13926893177881686,0.0,0.0,0.0,0.0,0.0,0.0
2015-06-15,0,0.024835405350168444,0.13926893177881686,2.0,2.0,2.0,5.0,5.0,5.0
2015-06-16,1,0.024835405350168444,0.13926893177881686,406.0,232.0,292.0,251.0,126.0,213.0
2015-06-17,0,0.024835405350168444,0.13926893177881686,2.0,2.0,2.0,0.0,0.0,0.0
2015-06-18,0,0.024835405350168444,0.13926893177881686,40.0,26.0,40.0,20.0,10.0,20.0
2015-06-19,0,0.024835405350168444,0.13926893177881686,0.0,0.0,0.0,0.0,0.0,0.0
2015-06-20,0,0.024835405350168444,0.13926893177881686,0.0,0.0,0.0,0.0,0.0,0.0
2015-06-21,0,0.024835405350168444,0.13926893177881686,14.0,12.0,14.0,10.0,8.0,10.0
2015-06-22,0,0.024835405350168444,0.13926893177881686,14.0,6.0,6.0,0.0,0.0,0.0
2015-06-23,0,0.024835405350168444,0.13926893177881686,50.0,40.0,48.0,8.0,2.0,4.0
2015-06-24,0,0.024835405350168444,0.13926893177881686,6.0,6.0,6.0,2.0,2.0,2.0
2015-06-25,0,0.024835405350168444,0.13926893177881686,2.0,2.0,2.0,0.0,0.0,0.0
2015-06-26,0,0.024835405350168444,0.13926893177881686,0.0,0.0,0.0,0.0,0.0,0.0
2015-06-27,0,0.024835405350168444,0.13926893177881686,0.0,0.0,0.0,0.0,0.0,0.0
2015-06-28,0,0.024835405350168444,0.13926893177881686,164.0,32.0,56.0,119.0,32.0,50.0
2015-06-29,0,0.024835405350168444,0.13926893177881686,12.0,6.0,12.0,12.0,8.0,10.0
2015-06-30,0,0.024835405350168444,0.13926893177881686,24.0,10.0,20.0,14.0,12.0,12.0
2015-07-01,0,0.024835405350168444,0.13926893177881686,244.0,74.0,160.0,326.0,93.0,168.0
2015-07-02,0,0.024835405350168444,0.13926893177881686,0.0,0.0,0.0,0.0,0.0,0.0
2015-07-03,0,0.024835405350168444,0.13926893177881686,0.0,0.0,0.0,0.0,0.0,0.0
2015-07-04,0,0.024835405350168444,0.13926893177881686,0.0,0.0,0.0,0.0,0.0,0.0
2015-07-05,0,0.024835405350168444,0.13926893177881686,0.0,0.0,0.0,0.0,0.0,0.0
2015-07-06,0,0.024835405350168444,0.13926893177881686,0.0,0.0,0.0,0.0,0.0,0.0
2015-07-07,0,0.024835405350168444,0.13926893177881686,68.0,44.0,58.0,25.0,18.0,18.0
2015-07-08,0,0.024835405350168444,0.13926893177881686,32.0,20.0,32.0,82.0,78.0,82.0
2015-07-09,0,0.024835405350168444,0.13926893177881686,0.0,0.0,0.0,0.0,0.0,0.0
2015-07-10,0,0.024835405350168444,0.13926893177881686,0.0,0.0,0.0,0.0,0.0,0.0
2015-07-11,0,0.024835405350168444,0.13926893177881686,0.0,0.0,0.0,0.0,0.0,0.0
2015-07-12,0,0.024835405350168444,0.13926893177881686,0.0,0.0,0.0,0.0,0.0,0.0
2015-07-13,0,0.024835405350168444,0.13926893177881686,6.0,6.0,6.0,0.0,0.0,0.0
2015-07-14,0,0.024835405350168444,0.13926893177881686,0.0,0.0,0.0,12.0,10.0,12.0
2015-07-15,0,0.024835405350168444,0.13926893177881686,0.0,0.0,0.0,0.0,0.0,0.0
2015-07-16,0,0.024835405350168444,0.13926893177881686,0.0,0.0,0.0,0.0,0.0,0.0
2015-07-17,0,0.024835405350168444,0.13926893177881686,45.0,6.0,16.0,7.0,5.0,7.0
2015-07-18,0,0.024835405350168444,0.13926893177881686,119.0,7.0,18.0,49.0,18.0,40.0
2015-07-19,1,0.024835405350168444,0.13926893177881686,126.0,8.0,21.0,158.0,45.0,100.0
2015-07-20,0,0.024835405350168444,0.13926893177881686,5.0,5.0,5.0,0.0,0.0,0.0
2015-07-21,0,0.024835405350168444,0.13926893177881686,108.0,29.0,53.0,57.0,42.0,47.0
2015-07-22,0,0.024835405350168444,0.13926893177881686,0.0,0.0,0.0,0.0,0.0,0.0
2015-07-23,0,0.024835405350168444,0.13926893177881686,2.0,2.0,2.0,0.0,0.0,0.0
2015-07-24,0,0.024835405350168444,0.13926893177881686,2.0,2.0,2.0,0.0,0.0,0.0
2015-07-25,0,0.024835405350168444,0.13926893177881686,0.0,0.0,0.0,0.0,0.0,0.0
2015-07-26,0,0.024835405350168444,0.13926893177881686,24.0,14.0,20.0,33.0,20.0,24.0
2015-07-27,1,0.024835405350168444,0.13926893177881686,198.0,171.0,198.0,283.0,231.0,233.0
2015-07-28,0,0.024835405350168444,0.13926893177881686,0.0,0.0,0.0,2.0,2.0,2.0
2015-07-29,0,0.024835405350168444,0.13926893177881686,0.0,0.0,0.0,0.0,0.0,0.0
2015-07-30,0,0.024835405350168444,0.13926893177881686,57.0,32.0,32.0,60.0,38.0,38.0
2015-07-31,0,0.024835405350168444,0.13926893177881686,0.0,0.0,0.0,0.0,0.0,0.0
2015-08-01,0,0.024835405350168444,0.13926893177881686,29.0,23.0,23.0,13.0,8.0,8.0
2015-08-02,0,0.024835405350168444,0.13926893177881686,0.0,0.0,0.0,2.0,2.0,2.0
2015-08-03,0,0.024835405350168444,0.13926893177881686,0.0,0.0,0.0,0.0,0.0,0.0
2015-08-04,0,0.024835405350168444,0.13926893177881686,52.0,52.0,52.0,63.0,58.0,63.0
2015-08-05,0,0.024835405350168444,0.13926893177881686,6.0,6.0,6.0,10.0,5.0,10.0
2015-08-06,0,0.024835405350168444,0.13926893177881686,0.0,0.0,0.0,0.0,0.0,0.0
2015-08-07,0,0.024835405350168444,0.13926893177881686,0.0,0.0,0.0,0.0,0.0,0.0
2015-08-08,0,0.024835405350168444,0.13926893177881686,0.0,0.0,0.0,0.0,0.0,0.0
2015-08-09,0,0.024835405350168444,0.13926893177881686,0.0,0.0,0.0,0.0,0.0,0.0
2015-08-10,0,0.024835405350168444,0.13926893177881686,13.0,13.0,13.0,15.0,15.0,15.0
2015-08-11,1,0.024835405350168444,0.13926893177881686,537.0,117.0,272.0,392.0,83.0,216.0
2015-08-12,0,0.024835405350168444,0.13926893177881686,21.0,10.0,10.0,59.0,28.0,28.0
2015-08-13,0,0.024835405350168444,0.13926893177881686,0.0,0.0,0.0,0.0,0.0,0.0
2015-08-14,0,0.024835405350168444,0.13926893177881686,19.0,8.0,9.0,25.0,8.0,13.0
2015-08-15,0,0.024835405350168444,0.13926893177881686,19.0,19.0,19.0,0.0,0.0,0.0
2015-08-16,0,0.024835405350168444,0.13926893177881686,0.0,0.0,0.0,0.0,0.0,0.0
2015-08-17,0,0.024835405350168444,0.13926893177881686,0.0,0.0,0.0,0.0,0.0,0.0
2015-08-18,1,0.024835405350168444,0.13926893177881686,197.0,197.0,197.0,0.0,0.0,0.0
2015-08-19,0,0.024835405350168444,0.13926893177881686,0.0,0.0,0.0,2.0,2.0,2.0
2015-08-20,0,0.024835405350168444,0.13926893177881686,0.0,0.0,0.0,0.0,0.0,0.0
2015-08-21,0,0.024835405350168444,0.13926893177881686,106.0,48.0,90.0,81.0,33.0,71.0
2015-08-22,0,0.024835405350168444,0.13926893177881686,0.0,0.0,0.0,0.0,0.0,0.0
2015-08-23,0,0.024835405350168444,0.13926893177881686,0.0,0.0,0.0,0.0,0.0,0.0
2015-08-24,0,0.024835405350168444,0.13926893177881686,0.0,0.0,0.0,37.0,22.0,37.0
2015-08-25,0,0.024835405350168444,0.13926893177881686,0.0,0.0,0.0,2.0,2.0,2.0
2015-08-26,0,0.024835405350168444,0.13926893177881686,0.0,0.0,0.0,0.0,0.0,0.0
2015-08-27,0,0.024835405350168444,0.13926893177881686,2.0,2.0,2.0,178.0,84.0,160.0
2015-08-28,0,0.024835405350168444,0.13926893177881686,0.0,0.0,0.0,0.0,0.0,0.0
2015-08-29,0,0.024835405350168444,0.13926893177881686,0.0,0.0,0.0,0.0,0.0,0.0
2015-08-30,0,0.024835405350168444,0.13926893177881686,0.0,0.0,0.0,0.0,0.0,0.0
2015-08-31,0,0.024835405350168444,0.13926893177881686,0.0,0.0,0.0,0.0,0.0,0.0
2015-09-01,0,0.024835405350168444,0.13926893177881686,0.0,0.0,0.0,0.0,0.0,0.0
2015-09-02,0,0.024835405350168444,0.13926893177881686,0.0,0.0,0.0,0.0,0.0,0.0
2015-09-03,0,0.024835405350168444,0.13926893177881686,0.0,0.0,0.0,0.0,0.0,0.0
2015-09-04,0,0.024835405350168444,0.13926893177881686,0.0,0.0,0.0,0.0,0.0,0.0
2015-09-05,0,0.024835405350168444,0.13926893177881686,0.0,0.0,0.0,0.0,0.0,0.0
2015-09-06,0,0.024835405350168444,0.13926893177881686,0.0,0.0,0.0,0.0,0.0,0.0
2015-09-07,0,0.024835405350168444,0.13926893177881686,159.0,153.0,159.0,174.0,147.0,174.0
2015-09-08,0,0.024835405350168444,0.13926893177881686,0.0,0.0,0.0,0.0,0.0,0.0
2015-09-09,0,0.024835405350168444,0.13926893177881686,3.0,3.0,3.0,17.0,10.0,10.0
2015-09-10,0,0.024835405350168444,0.13926893177881686,0.0,0.0,0.0,0.0,0.0,0.0
2015-09-11,0,0.024835405350168444,0.13926893177881686,0.0,0.0,0.0,0.0,0.0,0.0
2015-09-12,0,0.024835405350168444,0.13926893177881686,86.0,22.0,49.0,73.0,22.0,47.0
2015-09-13,0,0.024835405350168444,0.13926893177881686,229.0,71.0,93.0,212.0,60.0,131.0
2015-09-14,0,0.024835405350168444,0.13926893177881686,107.0,61.0,84.0,163.0,78.0,118.0
2015-09-15,0,0.024835405350168444,0.13926893177881686,0.0,0.0,0.0,0.0,0.0,0.0
2015-09-16,0,0.024835405350168444,0.13926893177881686,0.0,0.0,0.0,0.0,0.0,0.0
2015-09-17,0,0.024835405350168444,0.13926893177881686,0.0,0.0,0.0,0.0,0.0,0.0
2015-09-18,0,0.024835405350168444,0.13926893177881686,0.0,0.0,0.0,0.0,0.0,0.0
2015-09-19,0,0.024835405350168444,0.13926893177881686,78.0,55.0,75.0,33.0,25.0,33.0
2015-09-20,0,0.024835405350168444,0.13926893177881686,0.0,0.0,0.0,0.0,0.0,0.0
2015-09-21,0,0.024835405350168444,0.13926893177881686,0.0,0.0,0.0,0.0,0.0,0.0
2015-09-22,0,0.024835405350168444,0.13926893177881686,0.0,0.0,0.0,0.0,0.0,0.0
2015-09-23,0,0.024835405350168444,0.13926893177881686,0.0,0.0,0.0,0.0,0.0,0.0
2015-09-24,0,0.024835405350168444,0.13926893177881686,0.0,0.0,0.0,0.0,0.0,0.0
2015-09-25,0,0.024835405350168444,0.13926893177881686,0.0,0.0,0.0,0.0,0.0,0.0
2015-09-26,0,0.024835405350168444,0.13926893177881686,0.0,0.0,0.0,0.0,0.0,0.0
2015-09-27,0,0.024835405350168444,0.13926893177881686,0.0,0.0,0.0,0.0,0.0,0.0
2015-09-28,0,0.024835405350168444,0.13926893177881686,6.0,4.0,6.0,0.0,0.0,0.0
2015-09-29,0,0.024835405350168444,0.13926893177881686,301.0,196.0,242.0,283.0,180.0,223.0
2015-09-30,0,0.024835405350168444,0.13926893177881686,54.0,20.0,40.0,63.0,22.0,42.0
2015-10-01,0,0.024835405350168444,0.13926893177881686,0.0,0.0,0.0,0.0,0.0,0.0
2015-10-02,0,0.024835405350168444,0.13926893177881686,0.0,0.0,0.0,0.0,0.0,0.0
2015-10-03,0,0.024835405350168444,0.13926893177881686,0.0,0.0,0.0,0.0,0.0,0.0
2015-10-04,0,0.024835405350168444,0.13926893177881686,0.0,0.0,0.0,0.0,0.0,0.0
2015-10-05,0,0.024835405350168444,0.13926893177881686,0.0,0.0,0.0,0.0,0.0,0.0
2015-10-06,0,0.024835405350168444,0.13926893177881686,0.0,0.0,0.0,0.0,0.0,0.0
2015-10-07,0,0.024835405350168444,0.13926893177881686,0.0,0.0,0.0,0.0,0.0,0.0
2015-10-08,0,0.024835405350168444,0.13926893177881686,0.0,0.0,0.0,0.0,0.0,0.0
2015-10-09,0,0.024835405350168444,0.13926893177881686,66.0,22.0,51.0,67.0,20.0,50.0
2015-10-10,0,0.024835405350168444,0.13926893177881686,0.0,0.0,0.0,0.0,0.0,0.0
2015-10-11,0,0.024835405350168444,0.13926893177881686,0.0,0.0,0.0,0.0,0.0,0.0
2015-10-12,0,0.024835405350168444,0.13926893177881686,0.0,0.0,0.0,0.0,0.0,0.0
2015-10-13,0,0.024835405350168444,0.13926893177881686,48.0,26.0,35.0,24.0,10.0,15.0
2015-10-14,0,0.024835405350168444,0.13926893177881686,2.0,2.0,2.0,0.0,0.0,0.0
2015-10-15,0,0.024835405350168444,0.13926893177881686,107.0,49.0,99.0,87.0,42.0,80.0
2015-10-16,0,0.024835405350168444,0.13926893177881686,7.0,7.0,7.0,2.0,2.0,2.0
2015-10-17,0,0.024835405350168444,0.13926893177881686,122.0,40.0,62.0,82.0,28.0,53.0
2015-10-18,0,0.024835405350168444,0.13926893177881686,0.0,0.0,0.0,0.0,0.0,0.0
2015-10-19,0,0.024835405350168444,0.13926893177881686,0.0,0.0,0.0,0.0,0.0,0.0
2015-10-20,0,0.024835405350168444,0.13926893177881686,0.0,0.0,0.0,0.0,0.0,0.0
2015-10-21,0,0.024835405350168444,0.13926893177881686,0.0,0.0,0.0,0.0,0.0,0.0
2015-10-22,0,0.024835405350168444,0.13926893177881686,29.0,15.0,24.0,29.0,15.0,22.0
2015-10-23,0,0.024835405350168444,0.13926893177881686,0.0,0.0,0.0,0.0,0.0,0.0
2015-10-24,0,0.024835405350168444,0.13926893177881686,13.0,13.0,13.0,8.0,8.0,8.0
2015-10-25,0,0.024835405350168444,0.13926893177881686,204.0,66.0,151.0,178.0,68.0,128.0
2015-10-26,0,0.024835405350168444,0.13926893177881686,2.0,2.0,2.0,0.0,0.0,0.0
2015-10-27,0,0.024835405350168444,0.13926893177881686,0.0,0.0,0.0,0.0,0.0,0.0
2015-10-28,1,0.024835405350168444,0.13926893177881686,294.0,73.0,155.0,277.0,68.0,141.0
2015-10-29,0,0.024835405350168444,0.13926893177881686,137.0,44.0,97.0,93.0,28.0,55.0
2015-10-30,0,0.024835405350168444,0.13926893177881686,5.0,3.0,3.0,0.0,0.0,0.0
2015-10-31,0,0.024835405350168444,0.13926893177881686,0.0,0.0,0.0,0.0,0.0,0.0
2016-05-01,0,0.024835405350168444,0.13926893177881686,51.0,18.0,30.0,45.0,10.0,23.0
2016-05-02,0,0.024835405350168444,0.13926893177881686,24.0,9.0,16.0,22.0,10.0,18.0
2016-05-03,0,0.024835405350168444,0.13926893177881686,0.0,0.0,0.0,0.0,0.0,0.0
2016-05-04,0,0.024835405350168444,0.13926893177881686,0.0,0.0,0.0,0.0,0.0,0.0
2016-05-05,0,0.024835405350168444,0.13926893177881686,0.0,0.0,0.0,0.0,0.0,0.0
2016-05-06,0,0.024835405350168444,0.13926893177881686,0.0,0.0,0.0,0.0,0.0,0.0
2016-05-07,0,0.024835405350168444,0.13926893177881686,0.0,0.0,0.0,0.0,0.0,0.0
2016-05-08,0,0.024835405350168444,0.13926893177881686,82.0,49.0,72.0,119.0,53.0,93.0
2016-05-09,0,0.024835405350168444,0.13926893177881686,0.0,0.0,0.0,0.0,0.0,0.0
2016-05-10,0,0.024835405350168444,0.13926893177881686,0.0,0.0,0.0,0.0,0.0,0.0
2016-05-11,0,0.024835405350168444,0.13926893177881686,0.0,0.0,0.0,0.0,0.0,0.0
2016-05-12,0,0.024835405350168444,0.13926893177881686,0.0,0.0,0.0,0.0,0.0,0.0
2016-05-13,0,0.024835405350168444,0.13926893177881686,33.0,27.0,33.0,43.0,28.0,38.0
2016-05-14,0,0.024835405350168444,0.13926893177881686,32.0,10.0,18.0,16.0,10.0,12.0
2016-05-15,0,0.024835405350168444,0.13926893177881686,7.0,5.0,7.0,10.0,5.0,10.0
2016-05-16,0,0.024835405350168444,0.13926893177881686,4.0,2.0,2.0,2.0,2.0,2.0
2016-05-17,0,0.024835405350168444,0.13926893177881686,0.0,0.0,0.0,0.0,0.0,0.0
2016-05-18,0,0.024835405350168444,0.13926893177881686,0.0,0.0,0.0,0.0,0.0,0.0
2016-05-19,0,0.024835405350168444,0.13926893177881686,0.0,0.0,0.0,8.0,8.0,8.0
2016-05-20,0,0.024835405350168444,0.13926893177881686,0.0,0.0,0.0,0.0,0.0,0.0
2016-05-21,0,0.024835405350168444,0.13926893177881686,0.0,0.0,0.0,0.0,0.0,0.0
2016-05-22,0,0.024835405350168444,0.13926893177881686,0.0,0.0,0.0,0.0,0.0,0.0
2016-05-23,0,0.024835405350168444,0.13926893177881686,0.0,0.0,0.0,0.0,0.0,0.0
2016-05-24,0,0.024835405350168444,0.13926893177881686,0.0,0.0,0.0,0.0,0.0,0.0
2016-05-25,0,0.024835405350168444,0.13926893177881686,0.0,0.0,0.0,0.0,0.0,0.0
2016-05-26,0,0.024835405350168444,0.13926893177881686,0.0,0.0,0.0,0.0,0.0,0.0
2016-05-27,0,0.024835405350168444,0.13926893177881686,6.0,6.0,6.0,0.0,0.0,0.0
2016-05-28,0,0.024835405350168444,0.13926893177881686,0.0,0.0,0.0,0.0,0.0,0.0
2016-05-29,0,0.024835405350168444,0.13926893177881686,4.0,4.0,4.0,14.0,12.0,12.0
2016-05-30,0,0.024835405350168444,0.13926893177881686,17.0,14.0,17.0,89.0,56.0,56.0
2016-05-31,0,0.024835405350168444,0.13926893177881686,0.0,0.0,0.0,0.0,0.0,0.0
2016-06-01,0,0.024835405350168444,0.13926893177881686,0.0,0.0,0.0,0.0,0.0,0.0
2016-06-02,0,0.024835405350168444,0.13926893177881686,53.0,23.0,41.0,34.0,12.0,20.0
2016-06-03,0,0.024835405350168444,0.13926893177881686,0.0,0.0,0.0,0.0,0.0,0.0
2016-06-04,0,0.024835405350168444,0.13926893177881686,0.0,0.0,0.0,0.0,0.0,0.0
2016-06-05,1,0.024835405350168444,0.13926893177881686,562.0,123.0,304.0,424.0,121.0,229.0
2016-06-06,0,0.024835405350168444,0.13926893177881686,53.0,50.0,50.0,73.0,71.0,73.0
2016-06-07,0,0.024835405350168444,0.13926893177881686,0.0,0.0,0.0,0.0,0.0,0.0
2016-06-08,0,0.024835405350168444,0.13926893177881686,5.0,3.0,5.0,0.0,0.0,0.0
2016-06-09,0,0.024835405350168444,0.13926893177881686,5.0,3.0,3.0,0.0,0.0,0.0
2016-06-10,0,0.024835405350168444,0.13926893177881686,0.0,0.0,0.0,0.0,0.0,0.0
2016-06-11,0,0.024835405350168444,0.13926893177881686,0.0,0.0,0.0,0.0,0.0,0.0
2016-06-12,0,0.024835405350168444,0.13926893177881686,0.0,0.0,0.0,0.0,0.0,0.0
2016-06-13,0,0.024835405350168444,0.13926893177881686,0.0,0.0,0.0,0.0,0.0,0.0
2016-06-14,0,0.024835405350168444,0.13926893177881686,0.0,0.0,0.0,0.0,0.0,0.0
2016-06-15,0,0.024835405350168444,0.13926893177881686,0.0,0.0,0.0,0.0,0.0,0.0
2016-06-16,0,0.024835405350168444,0.13926893177881686,0.0,0.0,0.0,0.0,0.0,0.0
2016-06-17,0,0.024835405350168444,0.13926893177881686,0.0,0.0,0.0,0.0,0.0,0.0
2016-06-18,0,0.024835405350168444,0.13926893177881686,0.0,0.0,0.0,0.0,0.0,0.0
2016-06-19,0,0.024835405350168444,0.13926893177881686,0.0,0.0,0.0,0.0,0.0,0.0
2016-06-20,0,0.024835405350168444,0.13926893177881686,0.0,0.0,0.0,0.0,0.0,0.0
2016-06-21,0,0.024835405350168444,0.13926893177881686,0.0,0.0,0.0,0.0,0.0,0.0
2016-06-22,0,0.024835405350168444,0.13926893177881686,56.0,27.0,38.0,2.0,2.0,2.0
2016-06-23,0,0.024835405350168444,0.13926893177881686,0.0,0.0,0.0,0.0,0.0,0.0
2016-06-24,0,0.024835405350168444,0.13926893177881686,0.0,0.0,0.0,15.0,15.0,15.0
2016-06-25,0,0.024835405350168444,0.13926893177881686,0.0,0.0,0.0,0.0,0.0,0.0
2016-06-26,0,0.024835405350168444,0.13926893177881686,0.0,0.0,0.0,0.0,0.0,0.0
2016-06-27,0,0.024835405350168444,0.13926893177881686,26.0,21.0,24.0,7.0,5.0,7.0
2016-06-28,1,0.024835405350168444,0.13926893177881686,210.0,106.0,131.0,50.0,20.0,34.0
2016-06-29,0,0.024835405350168444,0.13926893177881686,21.0,15.0,21.0,29.0,25.0,27.0
2016-06-30,0,0.024835405350168444,0.13926893177881686,0.0,0.0,0.0,0.0,0.0,0.0
2016-07-01,0,0.024835405350168444,0.13926893177881686,15.0,9.0,15.0,20.0,12.0,20.0
2016-07-02,0,0.024835405350168444,0.13926893177881686,0.0,0.0,0.0,0.0,0.0,0.0
2016-07-03,0,0.024835405350168444,0.13926893177881686,2.0,2.0,2.0,0.0,0.0,0.0
2016-07-04,0,0.024835405350168444,0.13926893177881686,0.0,0.0,0.0,0.0,0.0,0.0
2016-07-05,0,0.024835405350168444,0.13926893177881686,0.0,0.0,0.0,0.0,0.0,0.0
2016-07-06,0,0.024835405350168444,0.13926893177881686,0.0,0.0,0.0,0.0,0.0,0.0
2016-07-07,0,0.024835405350168444,0.13926893177881686,0.0,0.0,0.0,0.0,0.0,0.0
2016-07-08,0,0.024835405350168444,0.13926893177881686,0.0,0.0,0.0,0.0,0.0,0.0
2016-07-09,0,0.024835405350168444,0.13926893177881686,216.0,98.0,103.0,190.0,63.0,78.0
2016-07-10,0,0.024835405350168444,0.13926893177881686,11.0,5.0,5.0,2.0,2.0,2.0
2016-07-11,0,0.024835405350168444,0.13926893177881686,0.0,0.0,0.0,0.0,0.0,0.0
2016-07-12,0,0.024835405350168444,0.13926893177881686,0.0,0.0,0.0,0.0,0.0,0.0
2016-07-13,0,0.024835405350168444,0.13926893177881686,0.0,0.0,0.0,0.0,0.0,0.0
2016-07-14,1,0.024835405350168444,0.13926893177881686,83.0,45.0,83.0,175.0,173.0,175.0
2016-07-15,0,0.024835405350168444,0.13926893177881686,5.0,5.0,5.0,0.0,0.0,0.0
2016-07-16,0,0.024835405350168444,0.13926893177881686,113.0,98.0,113.0,70.0,60.0,70.0
2016-07-17,0,0.024835405350168444,0.13926893177881686,0.0,0.0,0.0,0.0,0.0,0.0
2016-07-18,1,0.024835405350168444,0.13926893177881686,167.0,143.0,146.0,258.0,203.0,238.0
2016-07-19,0,0.024835405350168444,0.13926893177881686,0.0,0.0,0.0,0.0,0.0,0.0
2016-07-20,0,0.024835405350168444,0.13926893177881686,0.0,0.0,0.0,0.0,0.0,0.0
2016-07-21,0,0.024835405350168444,0.13926893177881686,0.0,0.0,0.0,0.0,0.0,0.0
2016-07-22,0,0.024835405350168444,0.13926893177881686,46.0,25.0,46.0,71.0,71.0,71.0
2016-07-23,1,0.024835405350168444,0.13926893177881686,183.0,128.0,157.0,164.0,104.0,150.0
2016-07-24,0,0.024835405350168444,0.13926893177881686,0.0,0.0,0.0,0.0,0.0,0.0
2016-07-25,0,0.024835405350168444,0.13926893177881686,41.0,26.0,33.0,35.0,23.0,23.0
2016-07-26,0,0.024835405350168444,0.13926893177881686,0.0,0.0,0.0,18.0,18.0,18.0
2016-07-27,0,0.024835405350168444,0.13926893177881686,0.0,0.0,0.0,0.0,0.0,0.0
2016-07-28,0,0.024835405350168444,0.13926893177881686,0.0,0.0,0.0,0.0,0.0,0.0
2016-07-29,0,0.024835405350168444,0.13926893177881686,0.0,0.0,0.0,0.0,0.0,0.0
2016-07-30,0,0.024835405350168444,0.13926893177881686,0.0,0.0,0.0,0.0,0.0,0.0
2016-07-31,0,0.024835405350168444,0.13926893177881686,0.0,0.0,0.0,0.0,0.0,0.0
2016-08-01,0,0.024835405350168444,0.13926893177881686,0.0,0.0,0.0,0.0,0.0,0.0
2016-08-02,0,0.024835405350168444,0.13926893177881686,0.0,0.0,0.0,0.0,0.0,0.0
2016-08-03,0,0.024835405350168444,0.13926893177881686,0.0,0.0,0.0,0.0,0.0,0.0
2016-08-04,0,0.024835405350168444,0.13926893177881686,23.0,19.0,23.0,0.0,0.0,0.0
2016-08-05,0,0.024835405350168444,0.13926893177881686,0.0,0.0,0.0,0.0,0.0,0.0
2016-08-06,0,0.024835405350168444,0.13926893177881686,0.0,0.0,0.0,0.0,0.0,0.0
2016-08-07,0,0.024835405350168444,0.13926893177881686,0.0,0.0,0.0,69.0,36.0,69.0
2016-08-08,0,0.024835405350168444,0.13926893177881686,0.0,0.0,0.0,0.0,0.0,0.0
2016-08-09,0,0.024835405350168444,0.13926893177881686,0.0,0.0,0.0,0.0,0.0,0.0
2016-08-10,0,0.024835405350168444,0.13926893177881686,0.0,0.0,0.0,0.0,0.0,0.0
2016-08-11,0,0.024835405350168444,0.13926893177881686,0.0,0.0,0.0,0.0,0.0,0.0
2016-08-12,0,0.024835405350168444,0.13926893177881686,17.0,10.0,15.0,19.0,10.0,10.0
2016-08-13,1,0.024835405350168444,0.13926893177881686,262.0,89.0,115.0,294.0,175.0,200.0
2016-08-14,1,0.024835405350168444,0.13926893177881686,162.0,38.0,92.0,249.0,78.0,128.0
2016-08-15,0,0.024835405350168444,0.13926893177881686,0.0,0.0,0.0,0.0,0.0,0.0
2016-08-16,1,0.024835405350168444,0.13926893177881686,768.0,220.0,593.0,618.0,166.0,466.0
2016-08-17,1,0.024835405350168444,0.13926893177881686,10.0,7.0,10.0,24.0,22.0,24.0
2016-08-18,0,0.024835405350168444,0.13926893177881686,0.0,0.0,0.0,0.0,0.0,0.0
2016-08-19,0,0.024835405350168444,0.13926893177881686,0.0,0.0,0.0,0.0,0.0,0.0
2016-08-20,0,0.024835405350168444,0.13926893177881686,0.0,0.0,0.0,0.0,0.0,0.0
2016-08-21,1,0.024835405350168444,0.13926893177881686,221.0,65.0,161.0,143.0,38.0,101.0
2016-08-22,0,0.024835405350168444,0.13926893177881686,0.0,0.0,0.0,0.0,0.0,0.0
2016-08-23,0,0.024835405350168444,0.13926893177881686,0.0,0.0,0.0,0.0,0.0,0.0
2016-08-24,0,0.024835405350168444,0.13926893177881686,0.0,0.0,0.0,0.0,0.0,0.0
2016-08-25,0,0.024835405350168444,0.13926893177881686,8.0,6.0,8.0,29.0,12.0,27.0
2016-08-26,0,0.024835405350168444,0.13926893177881686,0.0,0.0,0.0,0.0,0.0,0.0
2016-08-27,0,0.024835405350168444,0.13926893177881686,0.0,0.0,0.0,0.0,0.0,0.0
2016-08-28,0,0.024835405350168444,0.13926893177881686,0.0,0.0,0.0,0.0,0.0,0.0
2016-08-29,0,0.024835405350168444,0.13926893177881686,0.0,0.0,0.0,0.0,0.0,0.0
2016-08-30,0,0.024835405350168444,0.13926893177881686,0.0,0.0,0.0,2.0,2.0,2.0
2016-08-31,0,0.024835405350168444,0.13926893177881686,0.0,0.0,0.0,0.0,0.0,0.0
2016-09-01,0,0.024835405350168444,0.13926893177881686,0.0,0.0,0.0,0.0,0.0,0.0
2016-09-02,0,0.024835405350168444,0.13926893177881686,0.0,0.0,0.0,0.0,0.0,0.0
2016-09-03,0,0.024835405350168444,0.13926893177881686,0.0,0.0,0.0,0.0,0.0,0.0
2016-09-04,0,0.024835405350168444,0.13926893177881686,0.0,0.0,0.0,0.0,0.0,0.0
2016-09-05,0,0.024835405350168444,0.13926893177881686,0.0,0.0,0.0,0.0,0.0,0.0
2016-09-06,0,0.024835405350168444,0.13926893177881686,0.0,0.0,0.0,0.0,0.0,0.0
2016-09-07,0,0.024835405350168444,0.13926893177881686,0.0,0.0,0.0,0.0,0.0,0.0
2016-09-08,0,0.024835405350168444,0.13926893177881686,77.0,38.0,71.0,57.0,20.0,45.0
2016-09-09,0,0.024835405350168444,0.13926893177881686,0.0,0.0,0.0,0.0,0.0,0.0
2016-09-10,0,0.024835405350168444,0.13926893177881686,0.0,0.0,0.0,0.0,0.0,0.0
2016-09-11,0,0.024835405350168444,0.13926893177881686,60.0,50.0,58.0,76.0,43.0,71.0
2016-09-12,0,0.024835405350168444,0.13926893177881686,0.0,0.0,0.0,0.0,0.0,0.0
2016-09-13,0,0.024835405350168444,0.13926893177881686,0.0,0.0,0.0,0.0,0.0,0.0
2016-09-14,0,0.024835405350168444,0.13926893177881686,0.0,0.0,0.0,2.0,2.0,2.0
2016-09-15,0,0.024835405350168444,0.13926893177881686,0.0,0.0,0.0,0.0,0.0,0.0
2016-09-16,0,0.024835405350168444,0.13926893177881686,0.0,0.0,0.0,0.0,0.0,0.0
2016-09-17,0,0.024835405350168444,0.13926893177881686,0.0,0.0,0.0,0.0,0.0,0.0
2016-09-18,0,0.024835405350168444,0.13926893177881686,20.0,13.0,15.0,24.0,8.0,18.0
2016-09-19,0,0.024835405350168444,0.13926893177881686,0.0,0.0,0.0,0.0,0.0,0.0
2016-09-20,0,0.024835405350168444,0.13926893177881686,0.0,0.0,0.0,0.0,0.0,0.0
2016-09-21,0,0.024835405350168444,0.13926893177881686,0.0,0.0,0.0,0.0,0.0,0.0
2016-09-22,0,0.024835405350168444,0.13926893177881686,11.0,8.0,11.0,14.0,12.0,14.0
2016-09-23,0,0.024835405350168444,0.13926893177881686,16.0,10.0,13.0,19.0,12.0,17.0
2016-09-24,0,0.024835405350168444,0.13926893177881686,0.0,0.0,0.0,0.0,0.0,0.0
2016-09-25,0,0.024835405350168444,0.13926893177881686,0.0,0.0,0.0,0.0,0.0,0.0
2016-09-26,0,0.024835405350168444,0.13926893177881686,0.0,0.0,0.0,0.0,0.0,0.0
2016-09-27,0,0.024835405350168444,0.13926893177881686,26.0,13.0,24.0,17.0,5.0,15.0
2016-09-28,0,0.024835405350168444,0.13926893177881686,0.0,0.0,0.0,0.0,0.0,0.0
2016-09-29,0,0.024835405350168444,0.13926893177881686,0.0,0.0,0.0,0.0,0.0,0.0
2016-09-30,0,0.024835405350168444,0.13926893177881686,0.0,0.0,0.0,0.0,0.0,0.0
2016-10-01,0,0.024835405350168444,0.13926893177881686,0.0,0.0,0.0,0.0,0.0,0.0
2016-10-02,0,0.024835405350168444,0.13926893177881686,8.0,6.0,8.0,0.0,0.0,0.0
2016-10-03,0,0.024835405350168444,0.13926893177881686,0.0,0.0,0.0,2.0,2.0,2.0
2016-10-04,0,0.024835405350168444,0.13926893177881686,0.0,0.0,0.0,0.0,0.0,0.0
2016-10-05,0,0.024835405350168444,0.13926893177881686,0.0,0.0,0.0,0.0,0.0,0.0
2016-10-06,0,0.024835405350168444,0.13926893177881686,0.0,0.0,0.0,0.0,0.0,0.0
2016-10-07,0,0.024835405350168444,0.13926893177881686,0.0,0.0,0.0,0.0,0.0,0.0
2016-10-08,0,0.024835405350168444,0.13926893177881686,199.0,65.0,111.0,131.0,32.0,62.0
2016-10-09,0,0.024835405350168444,0.13926893177881686,0.0,0.0,0.0,0.0,0.0,0.0
2016-10-10,0,0.024835405350168444,0.13926893177881686,0.0,0.0,0.0,0.0,0.0,0.0
2016-10-11,0,0.024835405350168444,0.13926893177881686,0.0,0.0,0.0,0.0,0.0,0.0
2016-10-12,0,0.024835405350168444,0.13926893177881686,0.0,0.0,0.0,0.0,0.0,0.0
2016-10-13,0,0.024835405350168444,0.13926893177881686,76.0,26.0,72.0,78.0,32.0,74.0
2016-10-14,0,0.024835405350168444,0.13926893177881686,0.0,0.0,0.0,0.0,0.0,0.0
2016-10-15,0,0.024835405350168444,0.13926893177881686,0.0,0.0,0.0,0.0,0.0,0.0
2016-10-16,0,0.024835405350168444,0.13926893177881686,126.0,44.0,61.0,96.0,45.0,59.0
2016-10-17,0,0.024835405350168444,0.13926893177881686,3.0,3.0,3.0,0.0,0.0,0.0
2016-10-18,0,0.024835405350168444,0.13926893177881686,41.0,15.0,26.0,62.0,30.0,32.0
2016-10-19,0,0.024835405350168444,0.13926893177881686,0.0,0.0,0.0,0.0,0.0,0.0
2016-10-20,1,0.024835405350168444,0.13926893177881686,206.0,59.0,134.0,173.0,45.0,102.0
2016-10-21,1,0.024835405350168444,0.13926893177881686,484.0,63.0,150.0,439.0,75.0,152.0
2016-10-22,1,0.024835405350168444,0.13926893177881686,271.0,40.0,100.0,292.0,40.0,103.0
2016-10-23,1,0.024835405350168444,0.13926893177881686,120.0,33.0,87.0,98.0,25.0,69.0
2016-10-24,0,0.024835405350168444,0.13926893177881686,0.0,0.0,0.0,0.0,0.0,0.0
2016-10-25,0,0.024835405350168444,0.13926893177881686,0.0,0.0,0.0,0.0,0.0,0.0
2016-10-26,0,0.024835405350168444,0.13926893177881686,0.0,0.0,0.0,0.0,0.0,0.0
2016-10-27,0,0.024835405350168444,0.13926893177881686,118.0,31.0,70.0,114.0,32.0,70.0
2016-10-28,0,0.024835405350168444,0.13926893177881686,96.0,21.0,50.0,105.0,25.0,51.0
2016-10-29,0,0.024835405350168444,0.13926893177881686,87.0,34.0,54.0,63.0,25.0,42.0
2016-10-30,0,0.024835405350168444,0.13926893177881686,0.0,0.0,0.0,0.0,0.0,0.0
2016-10-31,0,0.024835405350168444,0.13926893177881686,0.0,0.0,0.0,0.0,0.0,0.0
2017-05-01,0,0.024835405350168444,0.13926893177881686,459.0,68.0,112.0,421.0,86.0,108.0
2017-05-02,0,0.024835405350168444,0.13926893177881686,0.0,0.0,0.0,0.0,0.0,0.0
2017-05-03,0,0.024835405350168444,0.13926893177881686,0.0,0.0,0.0,0.0,0.0,0.0
2017-05-04,0,0.024835405350168444,0.13926893177881686,0.0,0.0,0.0,0.0,0.0,0.0
2017-05-05,0,0.024835405350168444,0.13926893177881686,170.0,33.0,73.0,125.0,25.0,54.0
2017-05-06,0,0.024835405350168444,0.13926893177881686,58.0,34.0,44.0,24.0,12.0,14.0
2017-05-07,0,0.024835405350168444,0.13926893177881686,73.0,19.0,40.0,86.0,20.0,43.0
2017-05-08,0,0.024835405350168444,0.13926893177881686,2.0,2.0,2.0,0.0,0.0,0.0
2017-05-09,0,0.024835405350168444,0.13926893177881686,4.0,2.0,2.0,0.0,0.0,0.0
2017-05-10,0,0.024835405350168444,0.13926893177881686,0.0,0.0,0.0,0.0,0.0,0.0
2017-05-11,0,0.024835405350168444,0.13926893177881686,0.0,0.0,0.0,0.0,0.0,0.0
2017-05-12,0,0.024835405350168444,0.13926893177881686,0.0,0.0,0.0,0.0,0.0,0.0
2017-05-13,0,0.024835405350168444,0.13926893177881686,0.0,0.0,0.0,15.0,15.0,15.0
2017-05-14,0,0.024835405350168444,0.13926893177881686,28.0,5.0,11.0,35.0,8.0,13.0
2017-05-15,0,0.024835405350168444,0.13926893177881686,2.0,2.0,2.0,9.0,5.0,5.0
2017-05-16,0,0.024835405350168444,0.13926893177881686,0.0,0.0,0.0,0.0,0.0,0.0
2017-05-17,0,0.024835405350168444,0.13926893177881686,0.0,0.0,0.0,0.0,0.0,0.0
2017-05-18,0,0.024835405350168444,0.13926893177881686,7.0,3.0,5.0,0.0,0.0,0.0
2017-05-19,0,0.024835405350168444,0.13926893177881686,2.0,2.0,2.0,2.0,2.0,2.0
2017-05-20,0,0.024835405350168444,0.13926893177881686,0.0,0.0,0.0,0.0,0.0,0.0
2017-05-21,0,0.024835405350168444,0.13926893177881686,0.0,0.0,0.0,2.0,2.0,2.0
2017-05-22,0,0.024835405350168444,0.13926893177881686,83.0,16.0,26.0,56.0,12.0,25.0
2017-05-23,0,0.024835405350168444,0.13926893177881686,0.0,0.0,0.0,0.0,0.0,0.0
2017-05-24,0,0.024835405350168444,0.13926893177881686,0.0,0.0,0.0,0.0,0.0,0.0
2017-05-25,0,0.024835405350168444,0.13926893177881686,124.0,49.0,83.0,138.0,42.0,92.0
2017-05-26,0,0.024835405350168444,0.13926893177881686,20.0,7.0,10.0,10.0,5.0,5.0
2017-05-27,0,0.024835405350168444,0.13926893177881686,0.0,0.0,0.0,0.0,0.0,0.0
2017-05-28,0,0.024835405350168444,0.13926893177881686,0.0,0.0,0.0,0.0,0.0,0.0
2017-05-29,0,0.024835405350168444,0.13926893177881686,109.0,27.0,67.0,78.0,25.0,57.0
2017-05-30,0,0.024835405350168444,0.13926893177881686,58.0,22.0,31.0,33.0,18.0,31.0
2017-05-31,0,0.024835405350168444,0.13926893177881686,21.0,18.0,21.0,50.0,50.0,50.0
2017-06-01,0,0.024835405350168444,0.13926893177881686,0.0,0.0,0.0,0.0,0.0,0.0
2017-06-02,0,0.024835405350168444,0.13926893177881686,14.0,7.0,14.0,17.0,8.0,15.0
2017-06-03,0,0.024835405350168444,0.13926893177881686,0.0,0.0,0.0,2.0,2.0,2.0
2017-06-04,0,0.024835405350168444,0.13926893177881686,0.0,0.0,0.0,0.0,0.0,0.0
2017-06-05,1,0.024835405350168444,0.13926893177881686,434.0,91.0,210.0,253.0,40.0,103.0
2017-06-06,0,0.024835405350168444,0.13926893177881686,192.0,53.0,109.0,85.0,20.0,48.0
2017-06-07,0,0.024835405350168444,0.13926893177881686,0.0,0.0,0.0,0.0,0.0,0.0
2017-06-08,0,0.024835405350168444,0.13926893177881686,0.0,0.0,0.0,0.0,0.0,0.0
2017-06-09,0,0.024835405350168444,0.13926893177881686,0.0,0.0,0.0,0.0,0.0,0.0
2017-06-10,0,0.024835405350168444,0.13926893177881686,0.0,0.0,0.0,0.0,0.0,0.0
2017-06-11,0,0.024835405350168444,0.13926893177881686,0.0,0.0,0.0,0.0,0.0,0.0
2017-06-12,0,0.024835405350168444,0.13926893177881686,0.0,0.0,0.0,53.0,53.0,53.0
2017-06-13,0,0.024835405350168444,0.13926893177881686,0.0,0.0,0.0,0.0,0.0,0.0
2017-06-14,0,0.024835405350168444,0.13926893177881686,0.0,0.0,0.0,0.0,0.0,0.0
2017-06-15,0,0.024835405350168444,0.13926893177881686,0.0,0.0,0.0,0.0,0.0,0.0
2017-06-16,0,0.024835405350168444,0.13926893177881686,292.0,87.0,178.0,253.0,62.0,128.0
2017-06-17,0,0.024835405350168444,0.13926893177881686,0.0,0.0,0.0,0.0,0.0,0.0
2017-06-18,0,0.024835405350168444,0.13926893177881686,0.0,0.0,0.0,5.0,5.0,5.0
2017-06-19,0,0.024835405350168444,0.13926893177881686,2.0,2.0,2.0,14.0,8.0,12.0
2017-06-20,0,0.024835405350168444,0.13926893177881686,174.0,84.0,174.0,117.0,98.0,115.0
2017-06-21,0,0.024835405350168444,0.13926893177881686,0.0,0.0,0.0,0.0,0.0,0.0
2017-06-22,0,0.024835405350168444,0.13926893177881686,0.0,0.0,0.0,0.0,0.0,0.0
2017-06-23,0,0.024835405350168444,0.13926893177881686,136.0,31.0,64.0,124.0,25.0,52.0
2017-06-24,0,0.024835405350168444,0.13926893177881686,0.0,0.0,0.0,0.0,0.0,0.0
2017-06-25,0,0.024835405350168444,0.13926893177881686,0.0,0.0,0.0,10.0,10.0,10.0
2017-06-26,0,0.024835405350168444,0.13926893177881686,55.0,43.0,55.0,38.0,38.0,38.0
2017-06-27,0,0.024835405350168444,0.13926893177881686,27.0,23.0,27.0,131.0,111.0,131.0
2017-06-28,0,0.024835405350168444,0.13926893177881686,2.0,2.0,2.0,0.0,0.0,0.0
2017-06-29,0,0.024835405350168444,0.13926893177881686,27.0,9.0,20.0,19.0,8.0,15.0
2017-06-30,0,0.024835405350168444,0.13926893177881686,51.0,45.0,47.0,90.0,50.0,55.0
2017-07-01,0,0.024835405350168444,0.13926893177881686,31.0,9.0,17.0,29.0,15.0,15.0
2017-07-02,0,0.024835405350168444,0.13926893177881686,0.0,0.0,0.0,0.0,0.0,0.0
2017-07-03,0,0.024835405350168444,0.13926893177881686,0.0,0.0,0.0,0.0,0.0,0.0
2017-07-04,0,0.024835405350168444,0.13926893177881686,0.0,0.0,0.0,0.0,0.0,0.0
2017-07-05,0,0.024835405350168444,0.13926893177881686,0.0,0.0,0.0,0.0,0.0,0.0
2017-07-06,0,0.024835405350168444,0.13926893177881686,0.0,0.0,0.0,0.0,0.0,0.0
2017-07-07,0,0.024835405350168444,0.13926893177881686,77.0,41.0,74.0,85.0,30.0,68.0
2017-07-08,1,0.024835405350168444,0.13926893177881686,327.0,220.0,267.0,194.0,134.0,144.0
2017-07-09,0,0.024835405350168444,0.13926893177881686,0.0,0.0,0.0,0.0,0.0,0.0
2017-07-10,0,0.024835405350168444,0.13926893177881686,24.0,20.0,24.0,17.0,12.0,17.0
2017-07-11,0,0.024835405350168444,0.13926893177881686,0.0,0.0,0.0,0.0,0.0,0.0
2017-07-12,0,0.024835405350168444,0.13926893177881686,0.0,0.0,0.0,8.0,8.0,8.0
2017-07-13,0,0.024835405350168444,0.13926893177881686,5.0,3.0,5.0,12.0,2.0,6.0
2017-07-14,0,0.024835405350168444,0.13926893177881686,56.0,27.0,48.0,57.0,30.0,57.0
2017-07-15,0,0.024835405350168444,0.13926893177881686,8.0,3.0,3.0,4.0,2.0,2.0
2017-07-16,0,0.024835405350168444,0.13926893177881686,0.0,0.0,0.0,0.0,0.0,0.0
2017-07-17,0,0.024835405350168444,0.13926893177881686,13.0,11.0,13.0,33.0,13.0,23.0
2017-07-18,0,0.024835405350168444,0.13926893177881686,0.0,0.0,0.0,0.0,0.0,0.0
2017-07-19,0,0.024835405350168444,0.13926893177881686,13.0,13.0,13.0,46.0,46.0,46.0
2017-07-20,0,0.024835405350168444,0.13926893177881686,0.0,0.0,0.0,4.0,2.0,2.0
2017-07-21,0,0.024835405350168444,0.13926893177881686,61.0,49.0,61.0,8.0,8.0,8.0
2017-07-22,0,0.024835405350168444,0.13926893177881686,0.0,0.0,0.0,0.0,0.0,0.0
2017-07-23,0,0.024835405350168444,0.13926893177881686,0.0,0.0,0.0,0.0,0.0,0.0
2017-07-24,0,0.024835405350168444,0.13926893177881686,173.0,28.0,63.0,131.0,20.0,55.0
2017-07-25,0,0.024835405350168444,0.13926893177881686,53.0,23.0,46.0,19.0,12.0,14.0
2017-07-26,0,0.024835405350168444,0.13926893177881686,0.0,0.0,0.0,0.0,0.0,0.0
2017-07-27,0,0.024835405350168444,0.13926893177881686,0.0,0.0,0.0,0.0,0.0,0.0
2017-07-28,0,0.024835405350168444,0.13926893177881686,0.0,0.0,0.0,0.0,0.0,0.0
2017-07-29,0,0.024835405350168444,0.13926893177881686,0.0,0.0,0.0,0.0,0.0,0.0
2017-07-30,0,0.024835405350168444,0.13926893177881686,0.0,0.0,0.0,0.0,0.0,0.0
2017-07-31,0,0.024835405350168444,0.13926893177881686,101.0,101.0,101.0,8.0,8.0,8.0
2017-08-01,0,0.024835405350168444,0.13926893177881686,3.0,3.0,3.0,0.0,0.0,0.0
2017-08-02,0,0.024835405350168444,0.13926893177881686,40.0,40.0,40.0,84.0,84.0,84.0
2017-08-03,0,0.024835405350168444,0.13926893177881686,2.0,2.0,2.0,0.0,0.0,0.0
2017-08-04,0,0.024835405350168444,0.13926893177881686,148.0,100.0,112.0,228.0,154.0,186.0
2017-08-05,0,0.024835405350168444,0.13926893177881686,148.0,57.0,102.0,98.0,38.0,68.0
2017-08-06,0,0.024835405350168444,0.13926893177881686,0.0,0.0,0.0,0.0,0.0,0.0
2017-08-07,0,0.024835405350168444,0.13926893177881686,0.0,0.0,0.0,0.0,0.0,0.0
2017-08-08,0,0.024835405350168444,0.13926893177881686,0.0,0.0,0.0,0.0,0.0,0.0
2017-08-09,0,0.024835405350168444,0.13926893177881686,0.0,0.0,0.0,0.0,0.0,0.0
2017-08-10,0,0.024835405350168444,0.13926893177881686,0.0,0.0,0.0,0.0,0.0,0.0
2017-08-11,0,0.024835405350168444,0.13926893177881686,0.0,0.0,0.0,0.0,0.0,0.0
2017-08-12,0,0.024835405350168444,0.13926893177881686,110.0,45.0,58.0,63.0,25.0,43.0
2017-08-13,0,0.024835405350168444,0.13926893177881686,15.0,15.0,15.0,10.0,8.0,10.0
2017-08-14,0,0.024835405350168444,0.13926893177881686,0.0,0.0,0.0,0.0,0.0,0.0
2017-08-15,0,0.024835405350168444,0.13926893177881686,59.0,53.0,57.0,68.0,58.0,68.0
2017-08-16,0,0.024835405350168444,0.13926893177881686,0.0,0.0,0.0,0.0,0.0,0.0
2017-08-17,0,0.024835405350168444,0.13926893177881686,0.0,0.0,0.0,0.0,0.0,0.0
2017-08-18,0,0.024835405350168444,0.13926893177881686,189.0,69.0,172.0,157.0,60.0,145.0
2017-08-19,0,0.024835405350168444,0.13926893177881686,0.0,0.0,0.0,0.0,0.0,0.0
2017-08-20,0,0.024835405350168444,0.13926893177881686,0.0,0.0,0.0,0.0,0.0,0.0
2017-08-21,0,0.024835405350168444,0.13926893177881686,0.0,0.0,0.0,0.0,0.0,0.0
2017-08-22,0,0.024835405350168444,0.13926893177881686,145.0,102.0,102.0,175.0,157.0,159.0
2017-08-23,0,0.024835405350168444,0.13926893177881686,0.0,0.0,0.0,0.0,0.0,0.0
2017-08-24,0,0.024835405350168444,0.13926893177881686,0.0,0.0,0.0,0.0,0.0,0.0
2017-08-25,0,0.024835405350168444,0.13926893177881686,0.0,0.0,0.0,0.0,0.0,0.0
2017-08-26,0,0.024835405350168444,0.13926893177881686,0.0,0.0,0.0,0.0,0.0,0.0
2017-08-27,0,0.024835405350168444,0.13926893177881686,0.0,0.0,0.0,0.0,0.0,0.0
2017-08-28,0,0.024835405350168444,0.13926893177881686,0.0,0.0,0.0,0.0,0.0,0.0
2017-08-29,0,0.024835405350168444,0.13926893177881686,2.0,2.0,2.0,0.0,0.0,0.0
2017-08-30,0,0.024835405350168444,0.13926893177881686,0.0,0.0,0.0,0.0,0.0,0.0
2017-08-31,0,0.024835405350168444,0.13926893177881686,2.0,2.0,2.0,20.0,10.0,20.0
2017-09-01,0,0.024835405350168444,0.13926893177881686,0.0,0.0,0.0,0.0,0.0,0.0
2017-09-02,0,0.024835405350168444,0.13926893177881686,0.0,0.0,0.0,0.0,0.0,0.0
2017-09-03,0,0.024835405350168444,0.13926893177881686,275.0,44.0,104.0,244.0,55.0,112.0
2017-09-04,0,0.024835405350168444,0.13926893177881686,16.0,12.0,16.0,19.0,15.0,17.0
2017-09-05,0,0.024835405350168444,0.13926893177881686,11.0,8.0,11.0,10.0,8.0,10.0
2017-09-06,0,0.024835405350168444,0.13926893177881686,0.0,0.0,0.0,2.0,2.0,2.0
2017-09-07,0,0.024835405350168444,0.13926893177881686,108.0,25.0,55.0,150.0,40.0,83.0
2017-09-08,0,0.024835405350168444,0.13926893177881686,0.0,0.0,0.0,0.0,0.0,0.0
2017-09-09,0,0.024835405350168444,0.13926893177881686,38.0,30.0,38.0,5.0,5.0,5.0
2017-09-10,0,0.024835405350168444,0.13926893177881686,0.0,0.0,0.0,0.0,0.0,0.0
2017-09-11,0,0.024835405350168444,0.13926893177881686,0.0,0.0,0.0,0.0,0.0,0.0
2017-09-12,0,0.024835405350168444,0.13926893177881686,0.0,0.0,0.0,0.0,0.0,0.0
2017-09-13,0,0.024835405350168444,0.13926893177881686,0.0,0.0,0.0,0.0,0.0,0.0
2017-09-14,0,0.024835405350168444,0.13926893177881686,0.0,0.0,0.0,0.0,0.0,0.0
2017-09-15,0,0.024835405350168444,0.13926893177881686,0.0,0.0,0.0,0.0,0.0,0.0
2017-09-16,0,0.024835405350168444,0.13926893177881686,0.0,0.0,0.0,0.0,0.0,0.0
2017-09-17,0,0.024835405350168444,0.13926893177881686,0.0,0.0,0.0,0.0,0.0,0.0
2017-09-18,0,0.024835405350168444,0.13926893177881686,0.0,0.0,0.0,0.0,0.0,0.0
2017-09-19,0,0.024835405350168444,0.13926893177881686,0.0,0.0,0.0,0.0,0.0,0.0
2017-09-20,0,0.024835405350168444,0.13926893177881686,0.0,0.0,0.0,0.0,0.0,0.0
2017-09-21,0,0.024835405350168444,0.13926893177881686,0.0,0.0,0.0,0.0,0.0,0.0
2017-09-22,0,0.024835405350168444,0.13926893177881686,0.0,0.0,0.0,0.0,0.0,0.0
2017-09-23,0,0.024835405350168444,0.13926893177881686,0.0,0.0,0.0,0.0,0.0,0.0
2017-09-24,0,0.024835405350168444,0.13926893177881686,0.0,0.0,0.0,0.0,0.0,0.0
2017-09-25,0,0.024835405350168444,0.13926893177881686,0.0,0.0,0.0,0.0,0.0,0.0
2017-09-26,0,0.024835405350168444,0.13926893177881686,0.0,0.0,0.0,0.0,0.0,0.0
2017-09-27,0,0.024835405350168444,0.13926893177881686,50.0,42.0,48.0,20.0,10.0,15.0
2017-09-28,0,0.024835405350168444,0.13926893177881686,0.0,0.0,0.0,0.0,0.0,0.0
2017-09-29,0,0.024835405350168444,0.13926893177881686,0.0,0.0,0.0,0.0,0.0,0.0
2017-09-30,0,0.024835405350168444,0.13926893177881686,0.0,0.0,0.0,0.0,0.0,0.0
2017-10-01,0,0.024835405350168444,0.13926893177881686,0.0,0.0,0.0,0.0,0.0,0.0
2017-10-02,0,0.024835405350168444,0.13926893177881686,0.0,0.0,0.0,0.0,0.0,0.0
2017-10-03,0,0.024835405350168444,0.13926893177881686,0.0,0.0,0.0,0.0,0.0,0.0
2017-10-04,0,0.024835405350168444,0.13926893177881686,74.0,41.0,66.0,69.0,40.0,55.0
2017-10-05,0,0.024835405350168444,0.13926893177881686,0.0,0.0,0.0,2.0,2.0,2.0
2017-10-06,0,0.024835405350168444,0.13926893177881686,0.0,0.0,0.0,0.0,0.0,0.0
2017-10-07,0,0.024835405350168444,0.13926893177881686,30.0,27.0,30.0,38.0,28.0,38.0
2017-10-08,0,0.024835405350168444,0.13926893177881686,69.0,35.0,69.0,130.0,96.0,128.0
2017-10-09,1,0.024835405350168444,0.13926893177881686,324.0,82.0,204.0,326.0,65.0,187.0
2017-10-10,0,0.024835405350168444,0.13926893177881686,0.0,0.0,0.0,0.0,0.0,0.0
2017-10-11,0,0.024835405350168444,0.13926893177881686,0.0,0.0,0.0,0.0,0.0,0.0
2017-10-12,0,0.024835405350168444,0.13926893177881686,0.0,0.0,0.0,0.0,0.0,0.0
2017-10-13,0,0.024835405350168444,0.13926893177881686,0.0,0.0,0.0,0.0,0.0,0.0
2017-10-14,0,0.024835405350168444,0.13926893177881686,0.0,0.0,0.0,4.0,2.0,4.0
2017-10-15,0,0.024835405350168444,0.13926893177881686,133.0,59.0,64.0,114.0,48.0,56.0
2017-10-16,0,0.024835405350168444,0.13926893177881686,0.0,0.0,0.0,0.0,0.0,0.0
2017-10-17,0,0.024835405350168444,0.13926893177881686,0.0,0.0,0.0,0.0,0.0,0.0
2017-10-18,0,0.024835405350168444,0.13926893177881686,0.0,0.0,0.0,0.0,0.0,0.0
2017-10-19,0,0.024835405350168444,0.13926893177881686,0.0,0.0,0.0,0.0,0.0,0.0
2017-10-20,0,0.024835405350168444,0.13926893177881686,0.0,0.0,0.0,0.0,0.0,0.0
2017-10-21,0,0.024835405350168444,0.13926893177881686,0.0,0.0,0.0,0.0,0.0,0.0
2017-10-22,0,0.024835405350168444,0.13926893177881686,0.0,0.0,0.0,0.0,0.0,0.0
2017-10-23,0,0.024835405350168444,0.13926893177881686,0.0,0.0,0.0,0.0,0.0,0.0
2017-10-24,1,0.024835405350168444,0.13926893177881686,295.0,123.0,216.0,139.0,40.0,95.0
2017-10-25,0,0.024835405350168444,0.13926893177881686,2.0,2.0,2.0,2.0,2.0,2.0
2017-10-26,0,0.024835405350168444,0.13926893177881686,36.0,13.0,26.0,64.0,12.0,32.0
2017-10-27,0,0.024835405350168444,0.13926893177881686,0.0,0.0,0.0,2.0,2.0,2.0
2017-10-28,0,0.024835405350168444,0.13926893177881686,0.0,0.0,0.0,0.0,0.0,0.0
2017-10-29,0,0.024835405350168444,0.13926893177881686,184.0,33.0,76.0,75.0,18.0,33.0
2017-10-30,0,0.024835405350168444,0.13926893177881686,44.0,20.0,38.0,19.0,15.0,17.0
2017-10-31,0,0.024835405350168444,0.13926893177881686,0.0,0.0,0.0,8.0,8.0,8.0
2018-05-01,0,0.024835405350168444,0.13926893177881686,4.0,2.0,4.0,4.0,2.0,4.0
2018-05-02,0,0.024835405350168444,0.13926893177881686,0.0,0.0,0.0,0.0,0.0,0.0
2018-05-03,0,0.024835405350168444,0.13926893177881686,176.0,46.0,120.0,136.0,42.0,86.0
2018-05-04,0,0.024835405350168444,0.13926893177881686,94.0,76.0,85.0,49.0,35.0,40.0
2018-05-05,0,0.024835405350168444,0.13926893177881686,0.0,0.0,0.0,0.0,0.0,0.0
2018-05-06,0,0.024835405350168444,0.13926893177881686,0.0,0.0,0.0,0.0,0.0,0.0
2018-05-07,0,0.024835405350168444,0.13926893177881686,0.0,0.0,0.0,0.0,0.0,0.0
2018-05-08,0,0.024835405350168444,0.13926893177881686,0.0,0.0,0.0,0.0,0.0,0.0
2018-05-09,0,0.024835405350168444,0.13926893177881686,0.0,0.0,0.0,0.0,0.0,0.0
2018-05-10,0,0.024835405350168444,0.13926893177881686,0.0,0.0,0.0,4.0,2.0,2.0
2018-05-11,0,0.024835405350168444,0.13926893177881686,0.0,0.0,0.0,0.0,0.0,0.0
2018-05-12,0,0.024835405350168444,0.13926893177881686,0.0,0.0,0.0,0.0,0.0,0.0
2018-05-13,0,0.024835405350168444,0.13926893177881686,0.0,0.0,0.0,0.0,0.0,0.0
2018-05-14,0,0.024835405350168444,0.13926893177881686,0.0,0.0,0.0,0.0,0.0,0.0
2018-05-15,0,0.024835405350168444,0.13926893177881686,8.0,4.0,6.0,13.0,8.0,8.0
2018-05-16,0,0.024835405350168444,0.13926893177881686,0.0,0.0,0.0,0.0,0.0,0.0
2018-05-17,0,0.024835405350168444,0.13926893177881686,0.0,0.0,0.0,0.0,0.0,0.0
2018-05-18,0,0.024835405350168444,0.13926893177881686,0.0,0.0,0.0,0.0,0.0,0.0
2018-05-19,0,0.024835405350168444,0.13926893177881686,76.0,38.0,51.0,92.0,40.0,54.0
2018-05-20,0,0.024835405350168444,0.13926893177881686,88.0,68.0,76.0,83.0,63.0,73.0
2018-05-21,0,0.024835405350168444,0.13926893177881686,0.0,0.0,0.0,0.0,0.0,0.0
2018-05-22,0,0.024835405350168444,0.13926893177881686,20.0,6.0,11.0,61.0,23.0,43.0
2018-05-23,0,0.024835405350168444,0.13926893177881686,0.0,0.0,0.0,0.0,0.0,0.0
2018-05-24,0,0.024835405350168444,0.13926893177881686,0.0,0.0,0.0,0.0,0.0,0.0
2018-05-25,0,0.024835405350168444,0.13926893177881686,0.0,0.0,0.0,0.0,0.0,0.0
2018-05-26,0,0.024835405350168444,0.13926893177881686,57.0,31.0,38.0,45.0,28.0,36.0
2018-05-27,0,0.024835405350168444,0.13926893177881686,10.0,10.0,10.0,52.0,42.0,50.0
2018-05-28,0,0.024835405350168444,0.13926893177881686,6.0,6.0,6.0,63.0,58.0,63.0
2018-05-29,0,0.024835405350168444,0.13926893177881686,0.0,0.0,0.0,2.0,2.0,2.0
2018-05-30,0,0.024835405350168444,0.13926893177881686,0.0,0.0,0.0,0.0,0.0,0.0
2018-05-31,0,0.024835405350168444,0.13926893177881686,0.0,0.0,0.0,0.0,0.0,0.0
2018-06-01,0,0.024835405350168444,0.13926893177881686,8.0,8.0,8.0,5.0,5.0,5.0
2018-06-02,0,0.024835405350168444,0.13926893177881686,0.0,0.0,0.0,0.0,0.0,0.0
2018-06-03,0,0.024835405350168444,0.13926893177881686,0.0,0.0,0.0,0.0,0.0,0.0
2018-06-04,0,0.024835405350168444,0.13926893177881686,289.0,34.0,79.0,263.0,25.0,58.0
2018-06-05,0,0.024835405350168444,0.13926893177881686,21.0,15.0,19.0,10.0,2.0,6.0
2018-06-06,0,0.024835405350168444,0.13926893177881686,0.0,0.0,0.0,0.0,0.0,0.0
2018-06-07,0,0.024835405350168444,0.13926893177881686,0.0,0.0,0.0,0.0,0.0,0.0
2018-06-08,0,0.024835405350168444,0.13926893177881686,0.0,0.0,0.0,124.0,106.0,119.0
2018-06-09,0,0.024835405350168444,0.13926893177881686,0.0,0.0,0.0,0.0,0.0,0.0
2018-06-10,0,0.024835405350168444,0.13926893177881686,0.0,0.0,0.0,0.0,0.0,0.0
2018-06-11,0,0.024835405350168444,0.13926893177881686,0.0,0.0,0.0,0.0,0.0,0.0
2018-06-12,0,0.024835405350168444,0.13926893177881686,0.0,0.0,0.0,0.0,0.0,0.0
2018-06-13,0,0.024835405350168444,0.13926893177881686,39.0,15.0,32.0,34.0,12.0,22.0
2018-06-14,0,0.024835405350168444,0.13926893177881686,116.0,33.0,70.0,36.0,12.0,22.0
2018-06-15,0,0.024835405350168444,0.13926893177881686,2.0,2.0,2.0,0.0,0.0,0.0
2018-06-16,0,0.024835405350168444,0.13926893177881686,0.0,0.0,0.0,0.0,0.0,0.0
2018-06-17,0,0.024835405350168444,0.13926893177881686,0.0,0.0,0.0,0.0,0.0,0.0
2018-06-18,1,0.024835405350168444,0.13926893177881686,279.0,103.0,103.0,407.0,124.0,222.0
2018-06-19,0,0.024835405350168444,0.13926893177881686,0.0,0.0,0.0,0.0,0.0,0.0
2018-06-20,0,0.024835405350168444,0.13926893177881686,0.0,0.0,0.0,8.0,8.0,8.0
2018-06-21,0,0.024835405350168444,0.13926893177881686,0.0,0.0,0.0,0.0,0.0,0.0
2018-06-22,0,0.024835405350168444,0.13926893177881686,0.0,0.0,0.0,0.0,0.0,0.0
2018-06-23,0,0.024835405350168444,0.13926893177881686,7.0,4.0,7.0,15.0,8.0,15.0
2018-06-24,0,0.024835405350168444,0.13926893177881686,76.0,25.0,47.0,119.0,32.0,74.0
2018-06-25,0,0.024835405350168444,0.13926893177881686,0.0,0.0,0.0,0.0,0.0,0.0
2018-06-26,0,0.024835405350168444,0.13926893177881686,0.0,0.0,0.0,0.0,0.0,0.0
2018-06-27,0,0.024835405350168444,0.13926893177881686,7.0,7.0,7.0,14.0,12.0,14.0
2018-06-28,0,0.024835405350168444,0.13926893177881686,15.0,11.0,13.0,7.0,5.0,7.0
2018-06-29,0,0.024835405350168444,0.13926893177881686,0.0,0.0,0.0,0.0,0.0,0.0
2018-06-30,0,0.024835405350168444,0.13926893177881686,0.0,0.0,0.0,0.0,0.0,0.0
2018-07-01,0,0.024835405350168444,0.13926893177881686,0.0,0.0,0.0,0.0,0.0,0.0
2018-07-02,0,0.024835405350168444,0.13926893177881686,0.0,0.0,0.0,0.0,0.0,0.0
2018-07-03,0,0.024835405350168444,0.13926893177881686,0.0,0.0,0.0,0.0,0.0,0.0
2018-07-04,0,0.024835405350168444,0.13926893177881686,0.0,0.0,0.0,0.0,0.0,0.0
2018-07-05,0,0.024835405350168444,0.13926893177881686,0.0,0.0,0.0,0.0,0.0,0.0
2018-07-06,0,0.024835405350168444,0.13926893177881686,32.0,32.0,32.0,25.0,25.0,25.0
2018-07-07,0,0.024835405350168444,0.13926893177881686,0.0,0.0,0.0,0.0,0.0,0.0
2018-07-08,0,0.024835405350168444,0.13926893177881686,0.0,0.0,0.0,0.0,0.0,0.0
2018-07-09,0,0.024835405350168444,0.13926893177881686,0.0,0.0,0.0,0.0,0.0,0.0
2018-07-10,0,0.024835405350168444,0.13926893177881686,2.0,2.0,2.0,15.0,15.0,15.0
2018-07-11,0,0.024835405350168444,0.13926893177881686,0.0,0.0,0.0,0.0,0.0,0.0
2018-07-12,0,0.024835405350168444,0.13926893177881686,0.0,0.0,0.0,0.0,0.0,0.0
2018-07-13,0,0.024835405350168444,0.13926893177881686,0.0,0.0,0.0,0.0,0.0,0.0
2018-07-14,0,0.024835405350168444,0.13926893177881686,0.0,0.0,0.0,4.0,2.0,2.0
2018-07-15,0,0.024835405350168444,0.13926893177881686,0.0,0.0,0.0,0.0,0.0,0.0
2018-07-16,0,0.024835405350168444,0.13926893177881686,0.0,0.0,0.0,0.0,0.0,0.0
2018-07-17,1,0.024835405350168444,0.13926893177881686,287.0,132.0,255.0,141.0,78.0,119.0
2018-07-18,0,0.024835405350168444,0.13926893177881686,0.0,0.0,0.0,0.0,0.0,0.0
2018-07-19,0,0.024835405350168444,0.13926893177881686,0.0,0.0,0.0,0.0,0.0,0.0
2018-07-20,0,0.024835405350168444,0.13926893177881686,0.0,0.0,0.0,0.0,0.0,0.0
2018-07-21,0,0.024835405350168444,0.13926893177881686,0.0,0.0,0.0,0.0,0.0,0.0
2018-07-22,0,0.024835405350168444,0.13926893177881686,47.0,19.0,43.0,20.0,10.0,20.0
2018-07-23,0,0.024835405350168444,0.13926893177881686,0.0,0.0,0.0,0.0,0.0,0.0
2018-07-24,0,0.024835405350168444,0.13926893177881686,12.0,12.0,12.0,14.0,10.0,12.0
2018-07-25,1,0.024835405350168444,0.13926893177881686,387.0,257.0,307.0,255.0,183.0,226.0
2018-07-26,0,0.024835405350168444,0.13926893177881686,9.0,9.0,9.0,18.0,13.0,18.0
2018-07-27,0,0.024835405350168444,0.13926893177881686,0.0,0.0,0.0,0.0,0.0,0.0
2018-07-28,0,0.024835405350168444,0.13926893177881686,37.0,37.0,37.0,43.0,43.0,43.0
2018-07-29,0,0.024835405350168444,0.13926893177881686,0.0,0.0,0.0,0.0,0.0,0.0
2018-07-30,0,0.024835405350168444,0.13926893177881686,0.0,0.0,0.0,0.0,0.0,0.0
2018-07-31,0,0.024835405350168444,0.13926893177881686,0.0,0.0,0.0,0.0,0.0,0.0
2018-08-01,0,0.024835405350168444,0.13926893177881686,73.0,53.0,73.0,63.0,35.0,63.0
2018-08-02,0,0.024835405350168444,0.13926893177881686,3.0,3.0,3.0,20.0,18.0,20.0
2018-08-03,0,0.024835405350168444,0.13926893177881686,0.0,0.0,0.0,0.0,0.0,0.0
2018-08-04,0,0.024835405350168444,0.13926893177881686,4.0,4.0,4.0,5.0,5.0,5.0
2018-08-05,0,0.024835405350168444,0.13926893177881686,0.0,0.0,0.0,0.0,0.0,0.0
2018-08-06,0,0.024835405350168444,0.13926893177881686,12.0,9.0,9.0,9.0,5.0,7.0
2018-08-07,0,0.024835405350168444,0.13926893177881686,5.0,5.0,5.0,5.0,5.0,5.0
2018-08-08,0,0.024835405350168444,0.13926893177881686,30.0,11.0,24.0,75.0,30.0,40.0
2018-08-09,0,0.024835405350168444,0.13926893177881686,40.0,17.0,19.0,24.0,12.0,19.0
2018-08-10,0,0.024835405350168444,0.13926893177881686,0.0,0.0,0.0,0.0,0.0,0.0
2018-08-11,0,0.024835405350168444,0.13926893177881686,0.0,0.0,0.0,0.0,0.0,0.0
2018-08-12,0,0.024835405350168444,0.13926893177881686,9.0,6.0,9.0,0.0,0.0,0.0
2018-08-13,0,0.024835405350168444,0.13926893177881686,0.0,0.0,0.0,0.0,0.0,0.0
2018-08-14,0,0.024835405350168444,0.13926893177881686,41.0,37.0,37.0,0.0,0.0,0.0
2018-08-17,0,0.024835405350168444,0.13926893177881686,41.0,21.0,34.0,48.0,28.0,33.0
2018-08-18,0,0.024835405350168444,0.13926893177881686,0.0,0.0,0.0,0.0,0.0,0.0
2018-08-21,0,0.024835405350168444,0.13926893177881686,0.0,0.0,0.0,2.0,2.0,2.0
2018-08-22,0,0.024835405350168444,0.13926893177881686,26.0,10.0,17.0,20.0,8.0,8.0
2018-08-23,0,0.024835405350168444,0.13926893177881686,0.0,0.0,0.0,0.0,0.0,0.0
2018-08-24,0,0.024835405350168444,0.13926893177881686,0.0,0.0,0.0,0.0,0.0,0.0
2018-08-25,0,0.024835405350168444,0.13926893177881686,0.0,0.0,0.0,0.0,0.0,0.0
2018-08-26,0,0.024835405350168444,0.13926893177881686,84.0,45.0,45.0,89.0,38.0,46.0
2018-08-27,0,0.024835405350168444,0.13926893177881686,0.0,0.0,0.0,2.0,2.0,2.0
2018-08-28,0,0.024835405350168444,0.13926893177881686,146.0,50.0,89.0,87.0,48.0,64.0
2018-08-29,0,0.024835405350168444,0.13926893177881686,8.0,5.0,5.0,10.0,8.0,8.0
2018-08-30,0,0.024835405350168444,0.13926893177881686,0.0,0.0,0.0,0.0,0.0,0.0
2018-08-31,0,0.024835405350168444,0.13926893177881686,0.0,0.0,0.0,0.0,0.0,0.0
2018-09-01,0,0.024835405350168444,0.13926893177881686,4.0,4.0,4.0,0.0,0.0,0.0
2018-09-02,0,0.024835405350168444,0.13926893177881686,89.0,31.0,80.0,290.0,76.0,197.0
2018-09-03,0,0.024835405350168444,0.13926893177881686,59.0,37.0,59.0,122.0,102.0,112.0
2018-09-04,0,0.024835405350168444,0.13926893177881686,0.0,0.0,0.0,0.0,0.0,0.0
2018-09-05,0,0.024835405350168444,0.13926893177881686,5.0,3.0,5.0,10.0,8.0,10.0
2018-09-06,0,0.024835405350168444,0.13926893177881686,0.0,0.0,0.0,0.0,0.0,0.0
2018-09-07,0,0.024835405350168444,0.13926893177881686,0.0,0.0,0.0,0.0,0.0,0.0
2018-09-08,0,0.024835405350168444,0.13926893177881686,0.0,0.0,0.0,0.0,0.0,0.0
2018-09-09,0,0.024835405350168444,0.13926893177881686,0.0,0.0,0.0,0.0,0.0,0.0
2018-09-10,0,0.024835405350168444,0.13926893177881686,81.0,55.0,81.0,92.0,73.0,90.0
2018-09-11,0,0.024835405350168444,0.13926893177881686,170.0,50.0,110.0,139.0,75.0,117.0
2018-09-12,0,0.024835405350168444,0.13926893177881686,0.0,0.0,0.0,0.0,0.0,0.0
2018-09-13,0,0.024835405350168444,0.13926893177881686,0.0,0.0,0.0,0.0,0.0,0.0
2018-09-14,0,0.024835405350168444,0.13926893177881686,0.0,0.0,0.0,2.0,2.0,2.0
2018-09-15,0,0.024835405350168444,0.13926893177881686,0.0,0.0,0.0,0.0,0.0,0.0
2018-09-16,0,0.024835405350168444,0.13926893177881686,2.0,2.0,2.0,0.0,0.0,0.0
2018-09-17,0,0.024835405350168444,0.13926893177881686,0.0,0.0,0.0,0.0,0.0,0.0
2018-09-18,0,0.024835405350168444,0.13926893177881686,0.0,0.0,0.0,0.0,0.0,0.0
2018-09-19,0,0.024835405350168444,0.13926893177881686,0.0,0.0,0.0,0.0,0.0,0.0
2018-09-20,0,0.024835405350168444,0.13926893177881686,0.0,0.0,0.0,0.0,0.0,0.0
2018-09-21,1,0.024835405350168444,0.13926893177881686,363.0,179.0,203.0,293.0,91.0,157.0
2018-09-22,0,0.024835405350168444,0.13926893177881686,2.0,2.0,2.0,0.0,0.0,0.0
2018-09-23,0,0.024835405350168444,0.13926893177881686,0.0,0.0,0.0,0.0,0.0,0.0
2018-09-24,0,0.024835405350168444,0.13926893177881686,0.0,0.0,0.0,0.0,0.0,0.0
2018-09-25,0,0.024835405350168444,0.13926893177881686,75.0,22.0,45.0,72.0,28.0,53.0
2018-09-26,0,0.024835405350168444,0.13926893177881686,85.0,46.0,49.0,43.0,12.0,21.0
2018-09-27,0,0.024835405350168444,0.13926893177881686,2.0,2.0,2.0,0.0,0.0,0.0
2018-09-28,0,0.024835405350168444,0.13926893177881686,0.0,0.0,0.0,2.0,2.0,2.0
2018-09-29,0,0.024835405350168444,0.13926893177881686,12.0,4.0,7.0,2.0,2.0,2.0
2018-09-30,0,0.024835405350168444,0.13926893177881686,2.0,2.0,2.0,2.0,2.0,2.0
2018-10-01,0,0.024835405350168444,0.13926893177881686,8.0,2.0,4.0,7.0,5.0,7.0
2018-10-02,0,0.024835405350168444,0.13926893177881686,104.0,20.0,45.0,99.0,18.0,43.0
2018-10-03,0,0.024835405350168444,0.13926893177881686,0.0,0.0,0.0,0.0,0.0,0.0
2018-10-04,0,0.024835405350168444,0.13926893177881686,15.0,12.0,15.0,17.0,12.0,17.0
2018-10-05,0,0.024835405350168444,0.13926893177881686,4.0,2.0,2.0,0.0,0.0,0.0
2018-10-06,0,0.024835405350168444,0.13926893177881686,0.0,0.0,0.0,0.0,0.0,0.0
2018-10-07,0,0.024835405350168444,0.13926893177881686,0.0,0.0,0.0,4.0,2.0,4.0
2018-10-08,0,0.024835405350168444,0.13926893177881686,148.0,102.0,135.0,161.0,106.0,139.0
2018-10-09,0,0.024835405350168444,0.13926893177881686,56.0,51.0,51.0,66.0,51.0,64.0
2018-10-10,0,0.024835405350168444,0.13926893177881686,120.0,63.0,63.0,86.0,50.0,52.0
2018-10-11,0,0.024835405350168444,0.13926893177881686,81.0,29.0,50.0,102.0,35.0,57.0
2018-10-12,0,0.024835405350168444,0.13926893177881686,3.0,3.0,3.0,0.0,0.0,0.0
2018-10-13,0,0.024835405350168444,0.13926893177881686,0.0,0.0,0.0,0.0,0.0,0.0
2018-10-14,0,0.024835405350168444,0.13926893177881686,3.0,3.0,3.0,0.0,0.0,0.0
2018-10-15,0,0.024835405350168444,0.13926893177881686,52.0,19.0,33.0,41.0,20.0,24.0
2018-10-16,0,0.024835405350168444,0.13926893177881686,0.0,0.0,0.0,0.0,0.0,0.0
2018-10-17,0,0.024835405350168444,0.13926893177881686,0.0,0.0,0.0,2.0,2.0,2.0
2018-10-18,0,0.024835405350168444,0.13926893177881686,0.0,0.0,0.0,0.0,0.0,0.0
2018-10-19,0,0.024835405350168444,0.13926893177881686,0.0,0.0,0.0,0.0,0.0,0.0
2018-10-20,0,0.024835405350168444,0.13926893177881686,0.0,0.0,0.0,10.0,10.0,10.0
2018-10-21,0,0.024835405350168444,0.13926893177881686,0.0,0.0,0.0,0.0,0.0,0.0
2018-10-22,0,0.024835405350168444,0.13926893177881686,0.0,0.0,0.0,0.0,0.0,0.0
2018-10-23,0,0.024835405350168444,0.13926893177881686,0.0,0.0,0.0,2.0,2.0,2.0
2018-10-24,0,0.024835405350168444,0.13926893177881686,18.0,7.0,18.0,32.0,10.0,20.0
2018-10-25,0,0.024835405350168444,0.13926893177881686,0.0,0.0,0.0,0.0,0.0,0.0
2018-10-26,0,0.024835405350168444,0.13926893177881686,0.0,0.0,0.0,0.0,0.0,0.0
2018-10-27,0,0.024835405350168444,0.13926893177881686,101.0,40.0,63.0,101.0,32.0,58.0
2018-10-28,0,0.024835405350168444,0.13926893177881686,88.0,21.0,32.0,60.0,8.0,21.0
2018-10-29,0,0.024835405350168444,0.13926893177881686,13.0,3.0,4.0,17.0,5.0,7.0
2018-10-30,0,0.024835405350168444,0.13926893177881686,0.0,0.0,0.0,0.0,0.0,0.0
2018-10-31,0,0.024835405350168444,0.13926893177881686,85.0,16.0,39.0,75.0,15.0,33.0
